-5.456968210637569427e-12,-1.318767317570745945e-11,-6.819309286201587383e+00,1.210297090375570406e+01,1.276428701996428572e+01,-3.182573792250423139e+00,7.851485167701639512e+00,1.323949794219583964e+01,6.003524978971654491e+00,-2.976617202166835341e+00,1.432781934433023707e+00,-1.337478675782986670e+01,-1.540798303699375538e+00,-1.540798304741909153e+00,-2.413386373641111526e-01,-4.142943392333277020e-01,3.306154958682283596e-02,1.390923802968981743e-02,-2.104023336795650401e-03,-1.992855218106425255e-03,-1.268114847579605679e-02,-1.452036816883926600e-02,1.526556658859590243e-16,3.469446951953614189e-18,3.642919299551294898e-17,-5.074066167232160751e-17,-1.144917494144692682e-16,5.068645156369733229e-17,-9.974659986866640793e-17,-3.512815038853034366e-17,3.122502256758252770e-17,3.252606517456513302e-17,-8.153200337090993344e-17,3.079134169858832593e-17,-6.245004513516505540e-17,-6.071532165918824830e-17,-7.806255641895631925e-17,-3.469446951953614189e-17
4.547473508864641190e-13,2.273736754432320595e-11,-6.857058091330145544e+00,1.230325846175446713e+01,1.296618838977565247e+01,-3.176784846682494390e+00,8.003022509049515065e+00,1.321274518674317733e+01,6.072033024383244992e+00,-3.117885230006322672e+00,1.325147509342968988e+00,-1.329515124855562647e+01,-1.736755537091084989e+00,-1.736755535800835748e+00,-3.778194725281671662e-01,-4.086797446868047912e-01,3.104312524582103494e-02,1.298466950704440896e-02,-2.166991512804209742e-03,-2.087339685911094103e-03,-1.186453554345192826e-02,-1.358531717943506356e-02,-2.116362640691704655e-16,-1.604619215278546562e-17,-2.142383492831356762e-16,-7.068998164605488910e-17,-2.775557561562891351e-17,7.968885967768457590e-17,-1.474514954580286030e-17,-3.252606517456513302e-17,-3.139849491518020841e-16,1.994931997373328159e-17,-1.769417945496343236e-16,-5.637851296924623057e-17,-2.515349040166370287e-16,7.632783294297951215e-17,-2.602085213965210642e-17,-2.775557561562891351e-17
-6.366462912410497665e-12,-2.273736754432320595e-12,-6.893278761309829861e+00,1.250336000476136178e+01,1.316766107160265165e+01,-3.169626496209048128e+00,8.155787167501785007e+00,1.318657174755094275e+01,6.141900944613325919e+00,-3.267931377108197921e+00,1.210273491882162489e+00,-1.321576149223714225e+01,-1.941699723782676301e+00,-1.941699724088227441e+00,-5.182422411142016960e-01,-4.031119467468389783e-01,2.906992818515302668e-02,1.209008319452487164e-02,-2.228145475801112871e-03,-2.179101906355748394e-03,-1.107145052473769778e-02,-1.267720649191338839e-02,1.110223024625156540e-16,9.259086553026207866e-17,4.163336342344337027e-17,2.905661822261151883e-17,9.714451465470119729e-17,1.664250334765249306e-16,1.448494102440633924e-16,1.474514954580286030e-17,1.786765180256111307e-16,1.179611963664228824e-16,1.405126015541213746e-16,7.372574772901430151e-18,2.255140518769849223e-17,5.030698080332740574e-17,1.665334536937734811e-16,4.683753385137379155e-17
-2.728484105318784714e-12,-4.320099833421409130e-11,-6.927968213849453605e+00,1.270324324314560727e+01,1.336867253264153987e+01,-3.161100652010645717e+00,8.309752589316985905e+00,1.316155614888475611e+01,6.212863025377828308e+00,-3.426828507079790143e+00,1.088103602249702817e+00,-1.313715635877291277e+01,-2.155687164984101400e+00,-2.155687165528854976e+00,-6.625593145639445680e-01,-3.975894264301238490e-01,2.714399494864427886e-02,1.122575177991819509e-02,-2.287451983686032610e-03,-2.268091999289284857e-03,-1.030232452520654998e-02,-1.179652973753773579e-02,2.671474153004282925e-16,-7.155734338404329264e-18,1.691355389077386917e-16,2.645453300864630819e-17,-4.857225732735059864e-17,-2.142383492831356762e-16,1.301042606982605321e-16,9.410874857174178487e-17,5.724587470723463412e-17,-6.505213034913026604e-17,0.000000000000000000e+00,2.385244779468109755e-17,2.949029909160572061e-16,-1.127570259384924611e-16,1.595945597898662527e-16,7.372574772901430151e-17
3.183231456205248833e-12,6.230038707144558430e-11,-6.961123402582416020e+00,1.290287524229097471e+01,1.356918964633359792e+01,-3.151209507386056430e+00,8.464891118607511089e+00,1.313827453878548113e+01,6.284640626367945515e+00,-3.594630472032349644e+00,9.585938176514900988e-01,-1.305986950871857388e+01,-2.378762994637781958e+00,-2.378762994593960123e+00,-8.107207803804984403e-01,-3.921106062622686794e-01,2.526736033357962485e-02,1.039193350871758965e-02,-2.344878050949541354e-03,-2.354260469577776349e-03,-9.557585322735802011e-03,-1.094377673726484000e-02,1.838806884535415520e-16,-3.534499082302744455e-17,7.546047120499110861e-17,-2.645453300864630819e-17,6.938893903907228378e-18,-1.214306433183764966e-16,-3.989863994746656317e-17,-1.127570259384924611e-17,-1.387778780781445676e-16,-6.938893903907228378e-17,4.857225732735059864e-17,1.301042606982605321e-18,9.020562075079396891e-17,-9.540979117872439019e-17,-2.602085213965210642e-17,2.255140518769849223e-17
-4.547473508864641190e-13,-6.048139766789972782e-11,-6.992741327361727599e+00,1.310222242996678688e+01,1.376917870103306996e+01,-3.139955544680105959e+00,8.621173995539720636e+00,1.311729861401818198e+01,6.356942179484349253e+00,-3.771371942934365507e+00,8.217121843781569623e-01,-1.298442765655891051e+01,-2.610961146059253224e+00,-2.610961146370981645e+00,-9.626744916657641316e-01,-3.866738554300079289e-01,2.344205544180033574e-02,9.588872641833173435e-03,-2.400390974478071662e-03,-2.437558245825099251e-03,-8.837657032932155765e-03,-1.011943311862004841e-02,6.938893903907228378e-18,1.023486850826316186e-16,-1.587271980518778491e-16,-1.994931997373328159e-17,1.353084311261909534e-16,1.500535806719938137e-16,-7.632783294297951215e-17,-7.112366251504909087e-17,-1.023486850826316186e-16,7.806255641895631925e-18,4.857225732735059864e-17,-3.686287386450715076e-17,-1.006139616066548115e-16,1.249000902703301108e-16,4.163336342344337027e-17,-5.030698080332740574e-17
1.364242052659392357e-12,4.229150363244116306e-11,-7.022819043480012624e+00,1.330125060461841713e+01,1.396860540936495454e+01,-3.127341541390705970e+00,8.778571354387622705e+00,1.309919353555642374e+01,6.429463319193473581e+00,-3.957068155412798660e+00,6.774387455602663977e-01,-1.291134879869557395e+01,-2.852304191887014895e+00,-2.852304191599384087e+00,-1.118366110435254246e+00,-3.812774950439525301e-01,2.167010563267629530e-02,8.816799957597794626e-03,-2.453958360422133986e-03,-2.517936720690946290e-03,-8.142959760637984851e-03,-9.323979916660014855e-03,6.938893903907228378e-18,7.199102425303749442e-17,-4.770489558936219510e-17,1.431146867680865853e-17,-9.020562075079396891e-17,-3.469446951953614189e-18,-1.040834085586084257e-17,5.637851296924623057e-18,2.775557561562891351e-17,2.341876692568689577e-16,-6.938893903907228378e-18,3.469446951953614189e-18,-3.295974604355933479e-17,-1.734723475976807094e-18,-1.058181320345852328e-16,-1.734723475976807094e-18
-6.366462912410497665e-12,-4.638422979041934013e-11,-7.051353669852687744e+00,1.349992494437856294e+01,1.416743491829447521e+01,-3.113370575542376173e+00,8.937052221576777811e+00,1.308451583804026086e+01,6.501887145771434007e+00,-4.151714588909271697e+00,5.257655807981791440e-01,-1.284114041406919071e+01,-3.102803061351096403e+00,-3.102803060949111735e+00,-1.277739145875315563e+00,-3.759198035070251409e-01,1.995352837272651447e-02,8.075933299224562212e-03,-2.505548152204809323e-03,-2.595347792912908527e-03,-7.473909236752514229e-03,-8.557893158121034072e-03,1.422473250300981817e-16,1.387778780781445676e-16,1.647987302177966740e-17,6.158268339717665185e-17,1.144917494144692682e-16,-3.122502256758252770e-17,7.459310946700270506e-17,7.546047120499110861e-17,3.400058012914541905e-16,1.127570259384924611e-17,9.194034422677077600e-17,8.673617379884035472e-19,4.336808689942017736e-17,-3.122502256758252770e-17,9.194034422677077600e-17,7.025630077706068732e-17
-1.364242052659392357e-12,-4.547473508864641190e-13,-7.078342396087464294e+00,1.369821001682839778e+01,1.436563181976998749e+01,-3.098046030276918827e+00,9.096584513706602593e+00,1.307381133653370853e+01,6.573884621390561733e+00,-4.355286595919096726e+00,3.666969204041379271e-01,-1.277429764550392832e+01,-3.362456673908127414e+00,-3.362456673694761200e+00,-1.440734988541440886e+00,-3.705990219840169519e-01,1.829433097519922446e-02,7.366478168748433718e-03,-2.555128659718062557e-03,-2.669743911124196518e-03,-6.830916439521352718e-03,-7.821643427781013388e-03,-1.665334536937734811e-16,7.199102425303749442e-17,1.778091562876227272e-16,-7.242470512203169619e-17,-4.510281037539698445e-17,1.726049858596923059e-16,-3.295974604355933479e-17,5.507747036226362525e-17,1.804112415015879378e-16,4.857225732735059864e-17,-1.561251128379126385e-16,3.599551212651874721e-17,-2.081668171172168513e-17,-1.266348137463069179e-16,-4.510281037539698445e-17,4.510281037539698445e-17
1.045918907038867474e-11,2.228262019343674183e-11,-7.103782488540673512e+00,1.389606978921710834e+01,1.456316016187747664e+01,-3.081371597760607983e+00,9.257135035597912065e+00,1.306761303408165986e+01,6.645115097324151066e+00,-4.567738996494881576e+00,2.002493380769010400e-01,-1.271130146834006069e+01,-3.631251485525353928e+00,-3.631251484832163534e+00,-1.607292941344972359e+00,-3.653133599676687826e-01,1.669450822321172367e-02,6.688628368992716872e-03,-2.602668589798751327e-03,-2.741078119574931644e-03,-6.214387199395488004e-03,-7.115695416008468131e-03,9.714451465470119729e-17,-4.206704429243757204e-17,1.023486850826316186e-16,-2.602085213965210642e-17,-8.326672684688674053e-17,1.205632815803880931e-16,9.540979117872439019e-17,4.987329993433320396e-17,1.734723475976807094e-17,-7.632783294297951215e-17,9.714451465470119729e-17,3.339342691255353657e-17,-4.943961906533900219e-16,3.989863994746656317e-17,-1.006139616066548115e-16,1.127570259384924611e-17
-8.185452315956354141e-12,-3.592504072003066540e-11,-7.127671295531854412e+00,1.409346763939902303e+01,1.475998346047890664e+01,-3.063351282345365689e+00,9.418669478453921329e+00,1.306643903373242210e+01,6.715226970440426157e+00,-4.789005652100513544e+00,2.645200615097564878e-02,-1.265261685339005737e+01,-3.909160964658894954e+00,-3.909160963659995769e+00,-1.777350248047972814e+00,-3.600610009366340680e-01,1.515603986925773139e-02,6.042566694481353584e-03,-2.648137078033745324e-03,-2.809304105860460470e-03,-5.624721786470953527e-03,-6.440507446366845225e-03,-6.938893903907228378e-17,1.114559833315098558e-16,-8.673617379884035472e-18,1.474514954580286030e-17,-1.595945597898662527e-16,1.908195823574487804e-17,2.775557561562891351e-17,-5.160802341031001106e-17,1.804112415015879378e-16,1.561251128379126385e-16,5.030698080332740574e-17,2.385244779468109755e-17,8.326672684688674053e-17,5.724587470723463412e-17,-9.194034422677077600e-17,-1.474514954580286030e-17
0.000000000000000000e+00,5.775291356258094311e-11,-7.150006251470131247e+00,1.429036636717637521e+01,1.495606471127803161e+01,-3.043989403202886024e+00,9.581152418147212302e+00,1.307079045898581171e+01,6.783858466118545039e+00,-5.018999031727616966e+00,-1.546530043083294004e-01,-1.259869093019391073e+01,-4.196145015256661281e+00,-4.196145015935752731e+00,-1.950842119870940472e+00,-3.548401081008041857e-01,1.368088800280747863e-02,5.428465672504984366e-03,-2.691503722000808570e-03,-2.874376250797673095e-03,-5.062314479461746397e-03,-5.796530982073688255e-03,-1.942890293094023946e-16,-1.127570259384924611e-17,-6.765421556309547668e-17,-2.775557561562891351e-17,2.081668171172168513e-17,1.734723475976807094e-18,-7.632783294297951215e-17,-1.864827736675067626e-17,-1.283695372222837250e-16,5.724587470723463412e-17,1.561251128379126385e-17,6.635317295611287136e-17,-2.792904796322659422e-16,1.196959198423996895e-16,-1.040834085586084257e-17,-3.295974604355933479e-17
7.730704965069890022e-12,0.000000000000000000e+00,-7.170784880238898040e+00,1.448672820618094192e+01,1.515136640223363429e+01,-3.023290596153401566e+00,9.744547313736347860e+00,1.308114938694279772e+01,6.850638544397952501e+00,-5.257609782202962379e+00,-3.430103914870414883e-01,-1.254995115695867014e+01,-4.492149360891744436e+00,-4.492149360895966836e+00,-2.127701760717855883e+00,-3.496488302298902950e-01,1.227099427804373422e-02,4.846488355665694303e-03,-2.732738616011614729e-03,-2.936249680562054779e-03,-4.527553115100634018e-03,-5.184210110047718194e-03,2.498001805406602216e-16,-2.515349040166370287e-17,2.081668171172168513e-17,3.035766082959412415e-18,1.734723475976807094e-17,-2.350550309948573613e-16,-4.857225732735059864e-17,3.035766082959412415e-17,-4.163336342344337027e-17,-6.938893903907228378e-17,-1.734723475976807094e-17,-3.946495907847236140e-17,-5.204170427930421283e-18,-9.887923813067800438e-17,-1.457167719820517959e-16,-7.806255641895631925e-17
-4.547473508864641190e-13,-2.273736754432320595e-12,-7.190004797724668606e+00,1.468251483604581153e+01,1.534585052634338354e+01,-3.001259815016965149e+00,9.908816506239872979e+00,1.309797679865687314e+01,6.915187925924328738e+00,-5.504706313761289493e+00,-5.385512424468288373e-01,-1.250680350308802247e+01,-4.797104873610805953e+00,-4.797104873716849127e+00,-2.307860391448355752e+00,-3.444853075600227132e-01,1.092827699199749869e-02,4.296789166700057047e-03,-2.771812387464110509e-03,-2.994880321225357189e-03,-4.020818616719372407e-03,-4.603981001115155756e-03,2.116362640691704655e-16,1.882174971434835697e-16,1.821459649775647449e-16,1.387778780781445676e-17,1.526556658859590243e-16,-5.290906601729261638e-17,5.030698080332740574e-17,5.421010862427522170e-17,3.642919299551294898e-16,-8.673617379884035472e-18,1.509209424099822172e-16,1.196959198423996895e-16,2.324529457808921507e-16,3.469446951953614189e-18,2.550043509685906429e-16,3.729655473350135253e-17
-8.185452315956354141e-12,-4.547473508864641190e-13,-7.207663713500551239e+00,1.487768739504736004e+01,1.553947859469508330e+01,-2.977902332461781043e+00,1.007392121773136751e+01,1.312171055167846134e+01,6.977120233543928407e+00,-5.760134411098078999e+00,-7.411926593254065665e-01,-1.246963065010066884e+01,-5.110926903168092394e+00,-5.110926903382848607e+00,-2.491247273548519825e+00,-3.393476777747165274e-01,9.654628003531562364e-03,3.779514796825279247e-03,-2.808696234893582732e-03,-3.050224955862181325e-03,-3.542484500743313391e-03,-4.056271344931796849e-03,4.163336342344337027e-17,-1.301042606982605321e-16,-1.144917494144692682e-16,-2.515349040166370287e-17,1.318389841742373392e-16,-9.540979117872439019e-18,-3.816391647148975608e-17,-1.214306433183764966e-17,-3.330669073875469621e-16,-1.526556658859590243e-16,-3.469446951953614189e-17,4.466912950640278268e-17,1.110223024625156540e-16,-7.632783294297951215e-17,-7.459310946700270506e-17,8.673617379884035472e-18
4.092726157978177071e-12,-5.002220859751105309e-12,-7.223759432064525754e+00,1.507220649312648675e+01,1.573221164979941022e+01,-2.953223740129715225e+00,1.023982155084149781e+01,1.315276337988461819e+01,7.036043245369228316e+00,-6.023716879500170762e+00,-9.508373611865863495e-01,-1.243879021723250844e+01,-5.433514575380286260e+00,-5.433514575386940493e+00,-2.677789732498156550e+00,-3.342340820548134750e-01,8.451909481906272337e-03,3.294805158488288942e-03,-2.843361967841045567e-03,-3.102241284367302648e-03,-3.092916359673694715e-03,-3.541499757975888688e-03,-2.879640970121499777e-16,-6.591949208711866959e-17,-3.642919299551294898e-17,8.673617379884035472e-19,-3.122502256758252770e-17,1.890848588814719733e-16,1.908195823574487804e-17,-5.204170427930421283e-18,-1.040834085586084257e-17,1.196959198423996895e-16,-1.179611963664228824e-16,6.071532165918824830e-18,-2.081668171172168513e-17,1.075528555105620399e-16,-3.642919299551294898e-17,-3.469446951953614189e-18
0.000000000000000000e+00,-2.273736754432320595e-12,-7.238289853015430708e+00,1.526603222503945290e+01,1.592401027917776446e+01,-2.927229948491685718e+00,1.040647648870344710e+01,1.319152092615559013e+01,7.091560254512160100e+00,-6.295253234949996113e+00,-1.167373287450573116e+00,-1.241461301722461030e+01,-5.764750087288120994e+00,-5.764750088230772285e+00,-2.867413181083391827e+00,-3.291426711932433080e-01,7.321950473493987754e-03,2.842794393292835849e-03,-2.875782048649169233e-03,-3.150887986169816166e-03,-2.672471320069216838e-03,-3.060075162918746844e-03,2.324529457808921507e-16,6.938893903907228378e-18,-4.857225732735059864e-17,3.122502256758252770e-17,1.804112415015879378e-16,4.510281037539698445e-17,9.887923813067800438e-17,9.714451465470119729e-17,2.567390744445674500e-16,8.153200337090993344e-17,8.326672684688674053e-17,5.160802341031001106e-17,9.714451465470119729e-17,-3.295974604355933479e-17,2.151057110211240797e-16,4.336808689942017736e-17
5.456968210637569427e-12,-1.091393642127513885e-11,-7.251252971127087221e+00,1.545912418400484967e+01,1.611483462914293341e+01,-2.899927186102559062e+00,1.057384389541812197e+01,1.323833981366533408e+01,7.143271530378115131e+00,-6.574519446496196906e+00,-1.390673216482809949e+00,-1.239740134863370713e+01,-6.104498011812211189e+00,-6.104498012271266205e+00,-3.060041142855901342e+00,-3.240716117697025056e-01,6.266543273698355065e-03,2.423611935862960906e-03,-2.905929636307561133e-03,-3.196124786026821596e-03,-2.281497473893712852e-03,-2.612396137498160763e-03,1.179611963664228824e-16,-7.025630077706068732e-17,1.196959198423996895e-16,6.418476861114186249e-17,6.938893903907228378e-18,-1.405126015541213746e-16,3.469446951953614189e-18,9.931291899967220616e-17,3.712308238590367182e-16,7.112366251504909087e-17,1.439820485060749888e-16,9.367506770274758310e-17,3.989863994746656317e-16,-1.266348137463069179e-16,2.515349040166370287e-16,9.107298248878237246e-17
4.092726157978177071e-12,-2.228262019343674183e-11,-7.262646875466543861e+00,1.565144147543787767e+01,1.630464441879485094e+01,-2.871321998489065663e+00,1.074188051709597858e+01,1.329354576166315383e+01,7.190775876093539409e+00,-6.861267738696369634e+00,-1.620594386262837361e+00,-1.238742733041823385e+01,-6.452604600272024982e+00,-6.452604599110092209e+00,-3.255595275912172237e+00,-3.190190923800824696e-01,5.287439590417997159e-03,2.037383634272150676e-03,-2.933778632488570799e-03,-3.237912523101053701e-03,-1.920333281499202183e-03,-2.198850230912846593e-03,-5.898059818321144121e-17,7.806255641895631925e-18,7.806255641895631925e-17,-2.818925648462311528e-17,1.214306433183764966e-16,-3.989863994746656317e-17,-8.673617379884035472e-18,-4.380176776841437913e-17,2.289834988289385365e-16,1.717376241217039023e-16,5.898059818321144121e-17,-4.510281037539698445e-17,9.020562075079396891e-17,1.526556658859590243e-16,-1.162264728904460753e-16,-4.597017211338538800e-17
-9.094947017729282379e-13,2.046363078989088535e-11,-7.272469748398634692e+00,1.584294273108343987e+01,1.649339895421871915e+01,-2.841421246665277067e+00,1.091054198354231630e+01,1.335743175206425803e+01,7.233672275951676056e+00,-7.155226461327401921e+00,-1.856978143235664902e+00,-1.238493128501593787e+01,-6.808897109243844170e+00,-6.808897109375082302e+00,-3.453995397136284229e+00,-3.139833299160624813e-01,4.386346483902792137e-03,1.684232927260227719e-03,-2.959303729916745035e-03,-3.276213223535485303e-03,-1.589306944374327402e-03,-1.819813245594787549e-03,1.491862189340054101e-16,1.222980050563649002e-16,-3.989863994746656317e-17,-1.734723475976807094e-17,1.734723475976807094e-17,2.428612866367529932e-16,4.163336342344337027e-17,2.558717127065790464e-17,9.367506770274758310e-17,2.567390744445674500e-16,6.765421556309547668e-17,1.691355389077386917e-17,1.804112415015879378e-16,2.289834988289385365e-16,7.112366251504909087e-17,1.994931997373328159e-17
4.092726157978177071e-12,3.183231456205248833e-12,-7.280719863904323574e+00,1.603358612319243548e+01,1.668105714280954999e+01,-2.810232105235854760e+00,1.107978281062423775e+01,1.343025625300970205e+01,7.271561626703146430e+00,-7.456100033133225224e+00,-2.099649634333673021e+00,-1.239012017572730429e+01,-7.173183166731632809e+00,-7.173183166450956882e+00,-3.655159507018241882e+00,-3.089625758890887086e-01,3.564922066948916779e-03,1.364282078462219008e-03,-2.982480463221825508e-03,-3.310990176760582500e-03,-1.288735745621719803e-03,-1.475648482034998266e-03,5.898059818321144121e-17,-1.647987302177966740e-17,2.081668171172168513e-17,4.770489558936219510e-18,-1.387778780781445676e-17,2.255140518769849223e-16,-4.163336342344337027e-17,4.683753385137379155e-17,-1.214306433183764966e-16,1.370431546021677605e-16,6.418476861114186249e-17,-1.517883041479706208e-17,-7.632783294297951215e-17,1.179611963664228824e-16,-2.081668171172168513e-17,5.724587470723463412e-17
5.456968210637569427e-12,-3.547029336914420128e-11,-7.287395585674403264e+00,1.622332937911050976e+01,1.686757750779952403e+01,-2.777762060229406416e+00,1.124955640343523555e+01,1.351224150592906881e+01,7.304048545637215284e+00,-7.763568965800004662e+00,-2.348417506364512519e+00,-1.240316610479376891e+01,-7.545250143458815728e+00,-7.545250143398748222e+00,-3.859003815149758765e+00,-3.039551227936367339e-01,2.824770947663368670e-03,1.077653467477556262e-03,-3.003285262444869291e-03,-3.342208015786917071e-03,-1.018925356028283630e-03,-1.166705944207847845e-03,-2.116362640691704655e-16,5.204170427930421283e-17,-5.030698080332740574e-17,-3.686287386450715076e-17,1.734723475976807094e-17,1.439820485060749888e-16,6.938893903907228378e-18,-6.418476861114186249e-17,-2.220446049250313081e-16,9.194034422677077600e-17,5.204170427930421283e-18,-2.471980953266950110e-17,4.163336342344337027e-17,0.000000000000000000e+00,2.949029909160572061e-17,-3.989863994746656317e-17
9.094947017729282379e-13,1.318767317570745945e-11,-7.292495365044942446e+00,1.641212979593728960e+01,1.705291820292904958e+01,-2.744018906610335762e+00,1.141981506020374582e+01,1.360357188246189253e+01,7.330743248381509147e+00,-8.077289973929509870e+00,-2.603073674603365362e+00,-1.242420487788268701e+01,-7.924864590511333517e+00,-7.924864590047432600e+00,-4.065442766473289282e+00,-2.989593105038227394e-01,2.167439396024872789e-03,8.244709372970619038e-04,-3.021695509386247182e-03,-3.369832801744580570e-03,-7.801691033777861939e-04,-8.933215029081967296e-04,-4.163336342344337027e-17,-6.418476861114186249e-17,-8.847089727481716182e-17,-3.209238430557093125e-17,-3.053113317719180486e-16,-2.307182223049153436e-16,-6.938893903907228378e-17,-2.602085213965210642e-18,-1.179611963664228824e-16,-2.359223927328457648e-16,-1.353084311261909534e-16,-3.989863994746656317e-17,-2.636779683484746784e-16,9.714451465470119729e-17,-1.353084311261909534e-16,-6.765421556309547668e-17
2.273736754432320595e-12,9.094947017729282379e-13,-7.296017738357022608e+00,1.659994425534250695e+01,1.723703702724424147e+01,-2.709010745542173026e+00,1.159050997713393372e+01,1.370439231775299049e+01,7.351263488522477019e+00,-8.396896176223890507e+00,-2.863393122717752703e+00,-1.245333464111183730e+01,-8.311771707125444664e+00,-8.311771706930731085e+00,-4.274389068354083498e+00,-2.939735326975793095e-01,1.594410213327734915e-03,6.048611973067628822e-04,-3.037689596969845619e-03,-3.393832112970284875e-03,-5.727472025123699073e-04,-6.558160141427703260e-04,1.942890293094023946e-16,-3.556183125752454544e-17,-3.469446951953614189e-18,2.515349040166370287e-17,1.734723475976807094e-17,-1.700029006457270953e-16,1.595945597898662527e-16,2.949029909160572061e-17,1.249000902703301108e-16,-1.353084311261909534e-16,7.285838599102589797e-17,-2.471980953266950110e-17,-9.367506770274758310e-17,1.665334536937734811e-16,3.469446951953614189e-18,8.066464163292152989e-17
-2.728484105318784714e-12,1.500666257925331593e-11,-7.297961324396510463e+00,1.678672923875183187e+01,1.741989144008311996e+01,-2.672745981368962020e+00,1.176159125411095374e+01,1.381480682656638237e+01,7.365236551058956138e+00,-8.721997392674893490e+00,-3.129133767369239649e+00,-1.249061459670224394e+01,-8.705694872025560471e+00,-8.705694872475332247e+00,-4.485753718524930100e+00,-2.889962433021155963e-01,1.107097282335878230e-03,4.189552801956916706e-04,-3.051246991848424218e-03,-3.414175138941996559e-03,-3.969259434437495682e-04,-4.544943894921708860e-04,2.740863092043355209e-16,4.857225732735059864e-17,6.418476861114186249e-17,5.160802341031001106e-17,1.353084311261909534e-16,-1.040834085586084257e-17,7.632783294297951215e-17,4.770489558936219510e-17,2.428612866367529932e-17,-7.979727989493312634e-17,8.673617379884035472e-17,3.556183125752454544e-17,-8.673617379884035472e-17,-6.938893903907228378e-18,-6.938893903907228378e-18,-9.540979117872439019e-18
2.273736754432320595e-12,-1.364242052659392357e-11,-7.298324821655569394e+00,1.697244084250905871e+01,1.760143857614548324e+01,-2.635233318421342119e+00,1.193300790138528100e+01,1.393487710847239214e+01,7.372301290980772137e+00,-9.052180541958477988e+00,-3.400036378283402883e+00,-1.253606380287823185e+01,-9.106335229520027497e+00,-9.106335229549850752e+00,-4.699446033949078227e+00,-2.840259629538260389e-01,7.068397742494569869e-04,2.668900514415442626e-04,-3.062348300466151418e-03,-3.430832779407595734e-03,-2.529568346320912320e-04,-2.896446151303359168e-04,1.318389841742373392e-16,-7.719519468096791570e-17,-6.418476861114186249e-17,1.257674520083185143e-17,-1.908195823574487804e-16,-1.734723475976807094e-17,3.469446951953614189e-18,1.301042606982605321e-17,3.087807787238716628e-16,1.526556658859590243e-16,8.673617379884035472e-17,1.387778780781445676e-17,-1.353084311261909534e-16,1.422473250300981817e-16,1.353084311261909534e-16,1.127570259384924611e-17
5.002220859751105309e-12,1.045918907038867474e-11,-7.297107005352700071e+00,1.715703479333842552e+01,1.778163526078833456e+01,-2.596481757626634135e+00,1.210470784725339399e+01,1.406462124846439110e+01,7.372110208122649055e+00,-9.387010142798317247e+00,-3.675824559754346410e+00,-1.258966006395951354e+01,-9.513371337637636316e+00,-9.513371337187670918e+00,-4.915373680636745846e+00,-2.790612854663479525e-01,3.948959860811118716e-04,1.488097681343926448e-04,-3.070975338815147906e-03,-3.443777749053898631e-03,-1.410756983165513401e-04,-1.615367159482072879e-04,5.551115123125782702e-17,7.806255641895631925e-17,-1.734723475976807094e-17,-1.951563910473907981e-17,-2.567390744445674500e-16,1.023486850826316186e-16,-8.673617379884035472e-17,-2.645453300864630819e-17,-9.020562075079396891e-17,9.367506770274758310e-17,-1.439820485060749888e-16,-5.594483210025202879e-17,-2.532696274926138358e-16,-6.938893903907228378e-18,3.469446951953614189e-17,-3.556183125752454544e-17
5.002220859751105309e-12,-1.682565198279917240e-11,-7.294306724519628915e+00,1.734046646408751258e+01,1.796043802539861645e+01,-2.556500592922247961e+00,1.227663794679119746e+01,1.420405503978236084e+01,7.364319320523350143e+00,-9.726033764988642361e+00,-3.956206099748214911e+00,-1.265138567167389283e+01,-9.926464268693962367e+00,-9.926464267964004051e+00,-5.133415313680115943e+00,-2.741139321719776034e-01,1.724367806011928295e-04,6.486768436042913977e-05,-3.077111206146889918e-03,-3.452984688115966205e-03,-6.150171456958952731e-05,-7.042166096124687080e-05,2.636779683484746784e-16,2.775557561562891351e-17,3.469446951953614189e-17,4.857225732735059864e-17,-5.204170427930421283e-17,1.422473250300981817e-16,1.040834085586084257e-17,-3.209238430557093125e-17,-4.857225732735059864e-17,-1.318389841742373392e-16,-8.847089727481716182e-17,-5.290906601729261638e-17,-7.979727989493312634e-17,-1.734723475976807094e-17,1.283695372222837250e-16,5.117434254131580929e-17
-1.364242052659392357e-12,7.275957614183425903e-12,-7.289922899042267090e+00,1.752269088928551355e+01,1.813780312295966723e+01,-2.515299407524935305e+00,1.244874399165473733e+01,1.435370298058705885e+01,7.348439623312970070e+00,-1.006883984783144115e+01,-4.240888659034681041e+00,-1.272178880152881675e+01,-1.034532400871330537e+01,-1.034532400937624708e+01,-5.353088675992173862e+00,-2.693668592365033865e-01,4.053859863217823545e-05,1.522769862543488228e-05,-3.080740362915983938e-03,-3.458430279327152738e-03,-1.443641049288235667e-05,-1.653020590317889893e-05,3.469446951953614189e-18,-4.163336342344337027e-17,-6.071532165918824830e-17,3.556183125752454544e-17,5.551115123125782702e-17,-9.540979117872439019e-17,4.163336342344337027e-17,-5.421010862427522170e-17,-3.053113317719180486e-16,-6.245004513516505540e-17,-2.081668171172168513e-17,1.431146867680865853e-17,1.873501354054951662e-16,8.673617379884035472e-17,-1.353084311261909534e-16,-1.474514954580286030e-17
5.456968210637569427e-12,9.094947017729282379e-13,-7.283954516633912135e+00,1.770366278144683747e+01,1.831368654378911742e+01,-2.472888070059980237e+00,1.262097072098504213e+01,1.451363626537249729e+01,7.324111629700723824e+00,-1.041494753212555224e+01,-4.529550716013091005e+00,-1.280092499637720493e+01,-1.076958998589316252e+01,-1.076958998556471414e+01,-5.574167529905290408e+00,-2.648806087197322912e-01,-1.110223024625156540e-16,7.424616477180734364e-15,-3.081853539552210919e-03,-3.460100613593250669e-03,1.734723475976807094e-17,1.040834085586084257e-17,9.714451465470119729e-17,-9.887923813067800438e-17,7.459310946700270506e-17,-1.257674520083185143e-17,-5.551115123125782702e-17,6.418476861114186249e-17,-3.816391647148975608e-17,-2.168404344971008868e-17,7.285838599102589797e-17,1.110223024625156540e-16,9.540979117872439019e-17,-2.341876692568689577e-17,-3.469446951953614189e-17,-2.046973701652632371e-16,-2.081668171172168513e-17,9.540979117872439019e-18
-3.637978807091712952e-12,4.092726157978177071e-12,-7.276400629882573412e+00,1.788333654706366360e+01,1.848804403141275543e+01,-2.429276730496667369e+00,1.279326183346711332e+01,1.468368380245055960e+01,7.291053116952525670e+00,-1.076383394086678891e+01,-4.821848114215299574e+00,-1.288859087341774057e+01,-1.119885411290715638e+01,-1.119885411307548040e+01,-5.796589367659238157e+00,-2.606566038725946499e-01,-5.551115123125782702e-15,7.702172233337023499e-16,-3.081853539551931628e-03,-3.460100613592973114e-03,4.510281037539698445e-17,2.428612866367529932e-17,3.122502256758252770e-16,2.168404344971008868e-16,-4.336808689942017736e-17,3.079134169858832593e-17,-2.706168622523819067e-16,8.326672684688674053e-17,-9.887923813067800438e-17,-5.334274688628681815e-17,9.020562075079396891e-17,1.700029006457270953e-16,6.938893903907228378e-18,-2.341876692568689577e-17,-2.289834988289385365e-16,2.463307335887066074e-16,2.602085213965210642e-17,-7.806255641895631925e-18
-2.728484105318784714e-12,9.549694368615746498e-12,-7.267260353415167629e+00,1.806166630320785771e+01,1.866083109868850443e+01,-2.384475816150825267e+00,1.296556000054761171e+01,1.486362440725224587e+01,7.249006700052063934e+00,-1.111495753606232029e+01,-5.117420292982842511e+00,-1.298453589994369395e+01,-1.163268471459559805e+01,-1.163268471415210747e+01,-6.020276686620577244e+00,-2.566960957765861973e-01,3.275157922644211794e-15,-2.532696274926138358e-15,-3.081853539551640195e-03,-3.460100613592917602e-03,4.163336342344337027e-17,3.469446951953614189e-18,1.179611963664228824e-16,1.127570259384924611e-17,6.245004513516505540e-17,-3.599551212651874721e-17,4.857225732735059864e-17,7.632783294297951215e-17,1.908195823574487804e-17,5.204170427930421283e-18,-5.898059818321144121e-17,1.040834085586084257e-17,-2.584737979205442571e-16,2.168404344971008868e-18,-6.591949208711866959e-17,6.591949208711866959e-17,-3.989863994746656317e-17,-6.938893903907228378e-18
2.728484105318784714e-12,-1.864464138634502888e-11,-7.256532861024425074e+00,1.823860589403011545e+01,1.883200304404363123e+01,-2.338496027261498966e+00,1.313780688082670167e+01,1.505318624163646746e+01,7.197741946756764264e+00,-1.146775931172942364e+01,-5.415890742294777738e+00,-1.308846199866678717e+01,-1.207062664770819538e+01,-1.207062664732489488e+01,-6.245124865187923646e+00,-2.530001686277451589e-01,1.276756478318930021e-15,-7.459310946700270506e-15,-3.081853539551988874e-03,-3.460100613592642649e-03,7.632783294297951215e-17,2.602085213965210642e-17,-1.249000902703301108e-16,1.847480501915299556e-16,-1.092875789865388469e-16,-2.602085213965210642e-17,-1.318389841742373392e-16,1.318389841742373392e-16,-3.122502256758252770e-17,3.295974604355933479e-17,2.775557561562891351e-17,1.838806884535415520e-16,-6.071532165918824830e-17,-8.673617379884035472e-19,-6.938893903907228378e-18,3.122502256758252770e-17,-8.673617379884035472e-18,-1.821459649775647449e-17
5.456968210637569427e-12,2.137312549166381359e-11,-7.244217382839451602e+00,1.841410890778115572e+01,1.900151496801663598e+01,-2.291348332755205774e+00,1.330994313567498466e+01,1.525204638742661700e+01,7.137057456289653601e+00,-1.182166410333320528e+01,-5.716867566765358788e+00,-1.320002328066101427e+01,-1.251220153607391694e+01,-1.251220153650318778e+01,-6.471028466852395411e+00,-2.495697452415541195e-01,-1.010302952408892452e-14,-5.932754287840680263e-15,-3.081853539551957649e-03,-3.460100613593004339e-03,-5.898059818321144121e-17,-6.765421556309547668e-17,1.526556658859590243e-16,-1.474514954580286030e-16,9.367506770274758310e-17,2.211772431870429045e-17,4.163336342344337027e-17,-9.540979117872439019e-17,9.020562075079396891e-17,2.125036258071588691e-17,-7.632783294297951215e-17,-1.249000902703301108e-16,3.469446951953614189e-18,1.257674520083185143e-17,-3.018418848199644344e-16,-2.844946500601963635e-16,-1.214306433183764966e-17,-7.892991815694472280e-17
-3.365130396559834480e-11,1.227817847393453121e-11,-7.230313202847355569e+00,1.858812869406392565e+01,1.916932179000741598e+01,-2.243043965706874587e+00,1.348190844605414895e+01,1.545983055829947261e+01,7.066782890716808652e+00,-1.217608201301482040e+01,-6.019944140985444392e+00,-1.331882591020109885e+01,-1.295690810216729005e+01,-1.295690810161285711e+01,-6.697881279344017003e+00,-2.464055927682575198e-01,-3.885780586188047891e-15,-7.709111127240930728e-15,-3.081853539551390395e-03,-3.460100613592653057e-03,4.163336342344337027e-17,6.418476861114186249e-17,-2.081668171172168513e-17,7.892991815694472280e-17,1.734723475976807094e-16,9.540979117872439019e-18,9.714451465470119729e-17,-1.023486850826316186e-16,8.500145032286354763e-17,2.341876692568689577e-17,1.665334536937734811e-16,1.422473250300981817e-16,9.367506770274758310e-17,8.283304597789253876e-17,4.857225732735059864e-17,-5.551115123125782702e-17,1.196959198423996895e-16,5.724587470723463412e-17
9.094947017729282379e-13,-1.864464138634502888e-11,-7.214819656080180721e+00,1.876061838108307711e+01,1.933537826525480341e+01,-2.193594418731890983e+00,1.365364153054633789e+01,1.567611295383449033e+01,6.986780947939791986e+00,-1.253040994940056407e+01,-6.324699850436900306e+00,-1.344442810526152243e+01,-1.340422259218257750e+01,-1.340422259340749278e+01,-6.925576354243070831e+00,-2.435083286075372389e-01,4.662936703425657470e-15,6.467049118441536848e-15,-3.081853539552051324e-03,-3.460100613592992196e-03,4.163336342344337027e-17,-5.204170427930421283e-18,1.179611963664228824e-16,1.734723475976807094e-17,1.110223024625156540e-16,3.122502256758252770e-17,3.469446951953614189e-17,-1.040834085586084257e-16,1.908195823574487804e-16,4.033232081646076495e-17,-6.245004513516505540e-17,-1.526556658859590243e-16,8.673617379884035472e-17,3.903127820947815962e-18,4.857225732735059864e-17,7.979727989493312634e-17,4.857225732735059864e-17,3.642919299551294898e-17
4.547473508864641190e-12,-2.319211489520967007e-11,-7.197736126332074491e+00,1.893153089362931496e+01,1.949963900215425383e+01,-2.143011439274687291e+00,1.382508016470592338e+01,1.590041625910680523e+01,6.896949265552962061e+00,-1.288403328021558991e+01,-6.630700958878151141e+00,-1.357634027768301621e+01,-1.385359933429708690e+01,-1.385359933467225346e+01,-7.154006047059615625e+00,-2.408784265108889489e-01,1.165734175856414367e-15,1.484923295436146873e-15,-3.081853539551787646e-03,-3.460100613593133576e-03,-1.630640067418198669e-16,-1.179611963664228824e-16,3.538835890992686473e-16,-6.591949208711866959e-17,2.185751579730776939e-16,1.019150042136374168e-16,-6.938893903907228378e-18,7.285838599102589797e-17,2.029626466892864300e-16,6.461844948013606427e-17,1.110223024625156540e-16,4.163336342344337027e-17,1.942890293094023946e-16,7.719519468096791570e-17,3.018418848199644344e-16,-4.510281037539698445e-17,1.179611963664228824e-16,7.719519468096791570e-17
1.000444171950221062e-11,2.501110429875552654e-11,-7.179062043589510722e+00,1.910081897118288907e+01,1.966205847987021116e+01,-2.091307024705201911e+00,1.399616120155860699e+01,1.613221179300217045e+01,6.797222244411216252e+00,-1.323632759536940284e+01,-6.937501539244294690e+00,-1.371402531598550922e+01,-1.430447136967904953e+01,-1.430447136960659904e+01,-7.383062057782548315e+00,-2.385162228599031486e-01,4.829470157119430951e-15,1.004751837285766669e-14,-3.081853539551477131e-03,-3.460100613592540300e-03,-1.665334536937734811e-16,-2.081668171172168513e-17,9.020562075079396891e-17,3.642919299551294898e-17,-5.551115123125782702e-17,-4.163336342344337027e-17,-9.020562075079396891e-17,-1.561251128379126385e-16,2.081668171172168513e-17,-7.546047120499110861e-17,-5.551115123125782702e-17,-2.151057110211240797e-16,1.040834085586084257e-17,-6.505213034913026604e-17,-2.012279232133096230e-16,-6.938893903907228378e-18,-1.561251128379126385e-17,-4.597017211338538800e-17
9.094947017729282379e-12,-1.455191522836685181e-11,-7.158796881761190889e+00,1.926843518637269881e+01,1.982259106629771850e+01,-2.038493417335303093e+00,1.416682059342156208e+01,1.637091980787909051e+01,6.687572781154699442e+00,-1.358666057757727685e+01,-7.244644534295275662e+00,-1.385689901440144922e+01,-1.475625122207793538e+01,-1.475625122272712986e+01,-7.612635471895170980e+00,-2.364219231079212891e-01,9.992007221626408864e-16,-1.575128916186940842e-15,-3.081853539551652338e-03,-3.460100613592836938e-03,-1.318389841742373392e-16,-5.377642775528101993e-17,1.387778780781445676e-17,1.214306433183764966e-16,3.469446951953614189e-17,-6.505213034913026604e-18,-5.551115123125782702e-17,-1.734723475976807094e-16,-4.510281037539698445e-17,3.382710778154773834e-17,-4.163336342344337027e-17,-1.179611963664228824e-16,5.030698080332740574e-17,3.252606517456513302e-17,-1.387778780781445676e-17,3.469446951953614189e-18,-8.673617379884035472e-18,3.295974604355933479e-17
5.456968210637569427e-12,-2.773958840407431126e-11,-7.136940156329274032e+00,1.943433196397927532e+01,1.998119103642966365e+01,-1.984583099166684406e+00,1.433699341499868751e+01,1.661590994317930381e+01,6.568013898730214351e+00,-1.393439397691054182e+01,-7.551662906881119852e+00,-1.400433065102890851e+01,-1.520833176766018369e+01,-1.520833176817498433e+01,-7.842616801859514375e+00,-2.345956083714319518e-01,-5.551115123125782702e-15,-6.175615574477433256e-16,-3.081853539551834484e-03,-3.460100613592644384e-03,-1.457167719820517959e-16,-4.336808689942017736e-17,4.163336342344337027e-17,-7.979727989493312634e-17,7.632783294297951215e-17,-1.734723475976807094e-18,1.387778780781445676e-16,1.734723475976807094e-17,3.469446951953614189e-17,5.421010862427522170e-17,1.110223024625156540e-16,-1.075528555105620399e-16,4.857225732735059864e-17,1.240327285323417073e-16,2.081668171172168513e-17,5.898059818321144121e-17,6.591949208711866959e-17,5.464378949326942347e-17
4.547473508864641190e-12,3.547029336914420128e-11,-7.113491422047445667e+00,1.959846160041888652e+01,2.013781259111055988e+01,-1.929588786519843779e+00,1.450661388768912730e+01,1.686650183490746713e+01,6.438600264365845760e+00,-1.427888568529397162e+01,-7.858080884171158687e+00,-1.415564371771893093e+01,-1.566008720987338165e+01,-1.566008720984860147e+01,-8.072896029066637169e+00,-2.330372421582903586e-01,4.052314039881821373e-15,-9.020562075079396891e-16,-3.081853539551619378e-03,-3.460100613592982655e-03,4.857225732735059864e-17,2.775557561562891351e-17,5.551115123125782702e-17,4.163336342344337027e-17,-5.551115123125782702e-17,-2.081668171172168513e-17,0.000000000000000000e+00,6.245004513516505540e-17,-1.127570259384924611e-16,4.336808689942017736e-19,-4.163336342344337027e-17,2.775557561562891351e-17,-6.245004513516505540e-17,-4.163336342344337027e-17,-2.081668171172168513e-16,-7.285838599102589797e-17,-3.122502256758252770e-17,-3.556183125752454544e-17
-9.094947017729282379e-12,-1.182343112304806709e-11,-7.088450270684006682e+00,1.976077628356142668e+01,2.029240987635239435e+01,-1.873523424507766322e+00,1.467561540526003228e+01,1.712196588292181332e+01,6.299429584433312357e+00,-1.461949190607083437e+01,-8.163415308064486453e+00,-1.431011680411529596e+01,-1.611087417270800870e+01,-1.611087417228195662e+01,-8.303362646251962076e+00,-2.317466772178620182e-01,1.443289932012703503e-15,-1.443289932012703503e-15,-3.081853539551704380e-03,-3.460100613592830866e-03,-9.020562075079396891e-17,-3.989863994746656317e-17,3.122502256758252770e-16,1.543903893619358314e-16,-5.204170427930421283e-17,6.852157730108388023e-17,4.163336342344337027e-17,2.081668171172168513e-17,-2.775557561562891351e-17,2.428612866367529932e-17,8.326672684688674053e-17,9.714451465470119729e-17,1.283695372222837250e-16,9.107298248878237246e-17,1.249000902703301108e-16,3.469446951953614189e-18,1.075528555105620399e-16,5.290906601729261638e-17
-1.000444171950221062e-11,7.275957614183425903e-12,-7.061816328734494164e+00,1.992122811319950415e+01,2.044493700307066320e+01,-1.816400181077824527e+00,1.484393056073122352e+01,1.738152417720493759e+01,6.150643865743347760e+00,-1.495556941336417367e+01,-8.467177079980046983e+00,-1.446698463844802518e+01,-1.656003290193666544e+01,-1.656003290170127684e+01,-8.533905700376823944e+00,-2.307236624986561679e-01,-9.048317650695025804e-15,-1.205285871108685569e-14,-3.081853539551676624e-03,-3.460100613592680813e-03,6.938893903907228378e-17,4.683753385137379155e-17,-6.245004513516505540e-17,-2.393918396847993790e-16,-1.387778780781445676e-16,-1.327063459122257427e-16,-9.714451465470119729e-17,-1.769417945496343236e-16,-1.162264728904460753e-16,-2.255140518769849223e-17,-1.665334536937734811e-16,-2.775557561562891351e-17,0.000000000000000000e+00,-6.028164079019404653e-17,-1.942890293094023946e-16,-1.422473250300981817e-16,-7.632783294297951215e-17,-8.066464163292152989e-17
-2.000888343900442123e-11,1.000444171950221062e-11,-7.033589255069273349e+00,2.007976912245794665e+01,2.059534806749070412e+01,-1.758232441005247892e+00,1.501149117464001392e+01,1.764435158439982843e+01,5.992430533311392082e+00,-1.528647789520073275e+01,-8.768872701174586837e+00,-1.462543928666354986e+01,-1.700688857583872959e+01,-1.700688857616284722e+01,-8.764413835970325195e+00,-2.299678501975884748e-01,-9.992007221626408864e-16,-3.462508058049706960e-15,-3.081853539551236004e-03,-3.460100613592710303e-03,2.081668171172168513e-17,9.714451465470119729e-17,6.245004513516505540e-17,2.723515857283587138e-16,4.857225732735059864e-17,-1.301042606982605321e-17,8.326672684688674053e-17,1.110223024625156540e-16,-2.428612866367529932e-17,3.122502256758252770e-17,1.040834085586084257e-16,2.359223927328457648e-16,1.561251128379126385e-16,-1.301042606982605321e-18,8.326672684688674053e-17,1.561251128379126385e-16,1.561251128379126385e-16,-1.561251128379126385e-17
9.094947017729282379e-13,1.818989403545856476e-12,-7.003768738442431641e+00,2.023635129929334653e+01,2.074359717216975696e+01,-1.699033799504604758e+00,1.517822832457522964e+01,1.790957699538967063e+01,5.825023394777275598e+00,-1.561158237385916436e+01,-9.068005903817265789e+00,-1.478463151167068190e+01,-1.745075272260692145e+01,-1.745075272313535564e+01,-8.994775338937099463e+00,-2.294788028853401163e-01,-1.293409823688307370e-14,-7.542577673547157247e-15,-3.081853539551909077e-03,-3.460100613592633975e-03,-1.249000902703301108e-16,-2.775557561562891351e-17,-6.938893903907228378e-17,2.359223927328457648e-16,2.081668171172168513e-17,-2.602085213965210642e-17,3.469446951953614189e-17,-9.367506770274758310e-17,9.367506770274758310e-17,-7.372574772901430151e-18,1.179611963664228824e-16,1.457167719820517959e-16,1.422473250300981817e-16,1.257674520083185143e-17,-6.245004513516505540e-17,1.665334536937734811e-16,-3.122502256758252770e-17,-6.938893903907228378e-18
-9.094947017729282379e-13,4.547473508864641190e-13,-6.972354494932915259e+00,2.039092660932510626e+01,2.088963844772933953e+01,-1.638818055500905757e+00,1.534407237609684671e+01,1.817628473419199508e+01,5.648703441596580888e+00,-1.593025569604742486e+01,-9.364079370036051841e+00,-1.494367229463875901e+01,-1.789092474246717757e+01,-1.789092474233603980e+01,-9.224878180824932272e+00,-2.292560006906523840e-01,5.828670879282071837e-15,-4.357625371653739421e-15,-3.081853539551811932e-03,-3.460100613592802243e-03,8.326672684688674053e-17,-7.285838599102589797e-17,1.942890293094023946e-16,-2.203098814490545010e-16,-8.326672684688674053e-17,-1.127570259384924611e-17,-1.249000902703301108e-16,2.775557561562891351e-17,-4.510281037539698445e-17,-1.908195823574487804e-17,2.844946500601963635e-16,-1.006139616066548115e-16,-1.769417945496343236e-16,-7.068998164605488910e-17,1.040834085586084257e-16,-1.457167719820517959e-16,-1.665334536937734811e-16,-6.765421556309547668e-17
-2.910383045673370361e-11,-5.002220859751105309e-12,-6.939346265332460462e+00,2.054344701913669269e+01,2.103342607538706943e+01,-1.577599204579428260e+00,1.550895301502623624e+01,1.844351612856098654e+01,5.463799478130937359e+00,-1.624188108503949479e+01,-9.656596534041000268e+00,-1.510163451904020349e+01,-1.832669353105529808e+01,-1.832669353103673160e+01,-9.454610063556147637e+00,-2.292988485266688192e-01,-6.827871601444712724e-15,-2.858824288409778092e-15,-3.081853539551451110e-03,-3.460100613593090207e-03,-9.714451465470119729e-17,-4.857225732735059864e-17,3.261280134836397337e-16,-9.887923813067800438e-17,1.040834085586084257e-16,9.540979117872439019e-18,2.706168622523819067e-16,0.000000000000000000e+00,1.457167719820517959e-16,1.517883041479706208e-17,1.873501354054951662e-16,1.942890293094023946e-16,7.632783294297951215e-17,-3.035766082959412415e-18,2.498001805406602216e-16,-1.283695372222837250e-16,4.163336342344337027e-17,4.857225732735059864e-17
2.728484105318784714e-11,2.182787284255027771e-11,-6.904743812181550311e+00,2.069386452071285021e+01,2.117491431037888105e+01,-1.515391431582884252e+00,1.567279928113748610e+01,1.871027124197416924e+01,5.270688569461896122e+00,-1.654585474612758844e+01,-9.945063470309833065e+00,-1.525755481882674758e+01,-1.875733920819720879e+01,-1.875733920845106084e+01,-9.683858464620275441e+00,-2.296066833411103403e-01,6.494804694057165761e-15,-2.761679773755076894e-15,-3.081853539551831014e-03,-3.460100613592820458e-03,-6.938893903907228378e-18,4.510281037539698445e-17,-2.775557561562891351e-16,1.179611963664228824e-16,3.469446951953614189e-17,3.209238430557093125e-17,-1.110223024625156540e-16,4.510281037539698445e-17,6.938893903907228378e-17,-4.597017211338538800e-17,-9.020562075079396891e-17,-4.163336342344337027e-17,1.734723475976807094e-17,-3.122502256758252770e-17,6.938893903907228378e-18,-5.551115123125782702e-17,1.110223024625156540e-16,-1.734723475976807094e-18
3.637978807091712952e-12,4.092726157978177071e-12,-6.868546916758987209e+00,2.084213115690909035e+01,2.131405750627618545e+01,-1.452209102745428027e+00,1.583553960333983923e+01,1.897551076673062198e+01,5.069796299434301545e+00,-1.684158851597931061e+01,-1.022899084937807856e+01,-1.541043559160550558e+01,-1.918213493512212153e+01,-1.918213493516522661e+01,-9.912510682732962763e+00,-2.301787813720813369e-01,-1.093569679255779192e-14,-3.663735981263016583e-15,-3.081853539551612439e-03,-3.460100613592588872e-03,5.551115123125782702e-17,-4.510281037539698445e-17,1.179611963664228824e-16,-2.515349040166370287e-16,6.245004513516505540e-17,1.908195823574487804e-17,-1.873501354054951662e-16,-9.714451465470119729e-17,6.591949208711866959e-17,7.242470512203169619e-17,-2.151057110211240797e-16,-2.116362640691704655e-16,2.428612866367529932e-17,-8.933825901280556536e-17,-1.110223024625156540e-16,-2.428612866367529932e-16,1.283695372222837250e-16,-7.112366251504909087e-17
