q0,q1,q2,q3,q4,q5,q6,q7,q8,q9,q10,q11,q12,q13,q14,q15,q16,q17,q18,q19,q20,q21,q22,q23,q24,q25,q26,q27,q28,q29,q30,q31,q32,q33,q34,q35,q36,q37,q38,q39,q40,q41,q42,q43,q44,q45,q46,q47,q48,q49,q50,q51,q52,q53,q54,q55,q56,q57,q58,q59,q60,q61,q62,q63,q64,q65,q66,q67,q68,q69,q70,q71,q72,q73,q74,q75,q76,q77,q78,q79,q80,q81,q82,q83,q84,q85,q86,q87,q88
0.0,0.0,0.0031,0.999919,0.0127497,0.0,0.0,0.0,0.0,0.0,0.0,0.0,0.0,0.0,0.29733,-0.00954,0.0,-0.152,0.28244,0.0,0.0,-0.32542,0.0,-0.735155,0.3142,-0.37,1.54425,0.941635,0.21994,-0.1745,-0.541926,0.78,-0.6246,0.19371,0.0087015,1.17039,0.23562,0.89547,1.3432,1.46103,0.010472,0.73837,1.16254,1.33535,-0.154462,0.14139,1.571,1.24109,-0.2618,0.447735,0.59698,-0.30375,0.16695,-0.23373,0.0,0.0,0.33156,0.40848,0.0,-0.44822,0.0494,-0.617345,1.02115,-0.448,1.41597,1.12316,-0.40846,-0.1745,-0.7854,-0.5,-0.78,0.04365,-0.4363,1.17039,-0.180642,0.6284,1.24894,1.04472,0.023562,0.73837,1.24894,1.13112,0.15708,0.43988,1.50816,0.809065,0.22253,0.651965,1.28822
0.0,0.0,0.0031,0.999919,0.0127497,0.0,0.0,0.0,0.0,0.0,0.0,0.0,0.0,-0.0046500000000000005,0.29562869999999997,-0.00954,0.0,-0.152,0.28544860000000005,0.0,-0.005520000000000001,-0.3252972,0.0,-0.7304426,0.3151426,-0.37,1.5497474999999998,0.94299635,0.2188403,-0.168392,-0.54436074,0.78,-0.6246,0.19371,0.0087015,1.17039,0.23562,0.89547,1.3432,1.46103,0.010472,0.73837,1.16254,1.33535,-0.154462,0.14139,1.571,1.24109,-0.2618,0.447735,0.59698,-0.307425,0.1663458,-0.23196509999999998,0.0,-0.0002888,0.3313144,0.40779,-0.0033672000000000003,-0.44680780000000003,0.049742,-0.6157742,1.0225639,-0.447805,1.4227503,1.1248616999999999,-0.40846,-0.1745,-0.7854,-0.5,-0.78,0.04365,-0.4363,1.17039,-0.180642,0.6284,1.24894,1.04472,0.023562,0.73837,1.24894,1.13112,0.15708,0.43988,1.50816,0.809065,0.22253,0.651965,1.28822
0.0,0.0,0.0031,0.999919,0.0127497,0.0,0.0,0.0,0.0,0.0,0.0,0.0,0.0,-0.009300000000000001,0.2939274,-0.00954,0.0,-0.152,0.2884572,0.0,-0.011040000000000001,-0.3251744,0.0,-0.7257302,0.31608519999999996,-0.37,1.555245,0.9443577,0.2177406,-0.16228399999999998,-0.54679548,0.78,-0.6246,0.19371,0.0087015,1.17039,0.23562,0.89547,1.3432,1.46103,0.010472,0.73837,1.16254,1.33535,-0.154462,0.14139,1.571,1.24109,-0.2618,0.447735,0.59698,-0.31110000000000004,0.1657416,-0.2302002,0.0,-0.0005776,0.3310688,0.4071,-0.006734400000000001,-0.4453956,0.050084,-0.6142034000000001,1.0239778,-0.44761,1.4295305999999999,1.1265634,-0.40846,-0.1745,-0.7854,-0.5,-0.78,0.04365,-0.4363,1.17039,-0.180642,0.6284,1.24894,1.04472,0.023562,0.73837,1.24894,1.13112,0.15708,0.43988,1.50816,0.809065,0.22253,0.651965,1.28822
0.0,0.0,0.0031,0.999919,0.0127497,0.0,0.0,0.0,0.0,0.0,0.0,0.0,0.0,-0.01395,0.2922261,-0.00954,0.0,-0.152,0.2914658,0.0,-0.016560000000000002,-0.3250516,0.0,-0.7210178,0.31702779999999997,-0.37,1.5607425,0.94571905,0.2166409,-0.15617599999999998,-0.54923022,0.78,-0.6246,0.19371,0.0087015,1.17039,0.23562,0.89547,1.3432,1.46103,0.010472,0.73837,1.16254,1.33535,-0.154462,0.14139,1.571,1.24109,-0.2618,0.447735,0.59698,-0.314775,0.1651374,-0.2284353,0.0,-0.0008663999999999999,0.33082320000000004,0.40641,-0.0101016,-0.44398340000000003,0.050426,-0.6126326000000001,1.0253917,-0.447415,1.4363109,1.1282651,-0.40846,-0.1745,-0.7854,-0.5,-0.78,0.04365,-0.4363,1.17039,-0.180642,0.6284,1.24894,1.04472,0.023562,0.73837,1.24894,1.13112,0.15708,0.43988,1.50816,0.809065,0.22253,0.651965,1.28822
0.0,0.0,0.0031,0.999919,0.0127497,0.0,0.0,0.0,0.0,0.0,0.0,0.0,0.0,-0.018600000000000002,0.29052479999999997,-0.00954,0.0,-0.152,0.2944744,0.0,-0.022080000000000002,-0.32492879999999996,0.0,-0.7163054,0.3179704,-0.37,1.5662399999999999,0.9470804,0.2155412,-0.15006799999999998,-0.55166496,0.78,-0.6246,0.19371,0.0087015,1.17039,0.23562,0.89547,1.3432,1.46103,0.010472,0.73837,1.16254,1.33535,-0.154462,0.14139,1.571,1.24109,-0.2618,0.447735,0.59698,-0.31845,0.1645332,-0.2266704,0.0,-0.0011552,0.3305776,0.40572,-0.013468800000000001,-0.4425712,0.050768,-0.6110618,1.0268056,-0.44722,1.4430912,1.1299668,-0.40846,-0.1745,-0.7854,-0.5,-0.78,0.04365,-0.4363,1.17039,-0.180642,0.6284,1.24894,1.04472,0.023562,0.73837,1.24894,1.13112,0.15708,0.43988,1.50816,0.809065,0.22253,0.651965,1.28822
0.0,0.0,0.0031,0.999919,0.0127497,0.0,0.0,0.0,0.0,0.0,0.0,0.0,0.0,-0.023250000000000003,0.2888235,-0.00954,0.0,-0.152,0.29748300000000005,0.0,-0.027600000000000003,-0.324806,0.0,-0.711593,0.318913,-0.37,1.5717374999999998,0.94844175,0.2144415,-0.14395999999999998,-0.5540997,0.78,-0.6246,0.19371,0.0087015,1.17039,0.23562,0.89547,1.3432,1.46103,0.010472,0.73837,1.16254,1.33535,-0.154462,0.14139,1.571,1.24109,-0.2618,0.447735,0.59698,-0.322125,0.163929,-0.22490549999999998,0.0,-0.001444,0.330332,0.40503,-0.016836,-0.441159,0.05111,-0.609491,1.0282195,-0.447025,1.4498715,1.1316685,-0.40846,-0.1745,-0.7854,-0.5,-0.78,0.04365,-0.4363,1.17039,-0.180642,0.6284,1.24894,1.04472,0.023562,0.73837,1.24894,1.13112,0.15708,0.43988,1.50816,0.809065,0.22253,0.651965,1.28822
0.0,0.0,0.0031,0.999919,0.0127497,0.0,0.0,0.0,0.0,0.0,0.0,0.0,0.0,-0.0279,0.2871222,-0.00954,0.0,-0.152,0.3004916,0.0,-0.033120000000000004,-0.3246832,0.0,-0.7068806,0.31985559999999996,-0.37,1.577235,0.9498031,0.2133418,-0.13785199999999997,-0.55653444,0.78,-0.6246,0.19371,0.0087015,1.17039,0.23562,0.89547,1.3432,1.46103,0.010472,0.73837,1.16254,1.33535,-0.154462,0.14139,1.571,1.24109,-0.2618,0.447735,0.59698,-0.32580000000000003,0.1633248,-0.2231406,0.0,-0.0017327999999999998,0.3300864,0.40434000000000003,-0.0202032,-0.4397468,0.051452,-0.6079202,1.0296334,-0.44683,1.4566518,1.1333701999999999,-0.40846,-0.1745,-0.7854,-0.5,-0.78,0.04365,-0.4363,1.17039,-0.180642,0.6284,1.24894,1.04472,0.023562,0.73837,1.24894,1.13112,0.15708,0.43988,1.50816,0.809065,0.22253,0.651965,1.28822
0.0,0.0,0.0031,0.999919,0.0127497,0.0,0.0,0.0,0.0,0.0,0.0,0.0,0.0,-0.03255,0.2854209,-0.00954,0.0,-0.152,0.30350020000000005,0.0,-0.03864000000000001,-0.32456039999999997,0.0,-0.7021682,0.3207982,-0.37,1.5827324999999999,0.9511644499999999,0.2122421,-0.13174399999999997,-0.5589691800000001,0.78,-0.6246,0.19371,0.0087015,1.17039,0.23562,0.89547,1.3432,1.46103,0.010472,0.73837,1.16254,1.33535,-0.154462,0.14139,1.571,1.24109,-0.2618,0.447735,0.59698,-0.329475,0.1627206,-0.22137569999999998,0.0,-0.0020216,0.32984080000000005,0.40365,-0.023570400000000005,-0.4383346,0.051794,-0.6063494,1.0310473,-0.446635,1.4634321,1.1350719,-0.40846,-0.1745,-0.7854,-0.5,-0.78,0.04365,-0.4363,1.17039,-0.180642,0.6284,1.24894,1.04472,0.023562,0.73837,1.24894,1.13112,0.15708,0.43988,1.50816,0.809065,0.22253,0.651965,1.28822
0.0,0.0,0.0031,0.999919,0.0127497,0.0,0.0,0.0,0.0,0.0,0.0,0.0,0.0,-0.037200000000000004,0.28371959999999996,-0.00954,0.0,-0.152,0.3065088,0.0,-0.044160000000000005,-0.3244376,0.0,-0.6974558,0.3217408,-0.37,1.5882299999999998,0.9525258,0.2111424,-0.12563599999999997,-0.5614039200000001,0.78,-0.6246,0.19371,0.0087015,1.17039,0.23562,0.89547,1.3432,1.46103,0.010472,0.73837,1.16254,1.33535,-0.154462,0.14139,1.571,1.24109,-0.2618,0.447735,0.59698,-0.33315,0.1621164,-0.2196108,0.0,-0.0023104,0.32959520000000003,0.40296,-0.026937600000000003,-0.4369224,0.052136,-0.6047786,1.0324612,-0.44644,1.4702123999999999,1.1367736,-0.40846,-0.1745,-0.7854,-0.5,-0.78,0.04365,-0.4363,1.17039,-0.180642,0.6284,1.24894,1.04472,0.023562,0.73837,1.24894,1.13112,0.15708,0.43988,1.50816,0.809065,0.22253,0.651965,1.28822
0.0,0.0,0.0031,0.999919,0.0127497,0.0,0.0,0.0,0.0,0.0,0.0,0.0,0.0,-0.04185,0.2820183,-0.00954,0.0,-0.152,0.30951740000000005,0.0,-0.04968,-0.32431479999999996,0.0,-0.6927434,0.32268339999999995,-0.37,1.5937275,0.95388715,0.2100427,-0.119528,-0.56383866,0.78,-0.6246,0.19371,0.0087015,1.17039,0.23562,0.89547,1.3432,1.46103,0.010472,0.73837,1.16254,1.33535,-0.154462,0.14139,1.571,1.24109,-0.2618,0.447735,0.59698,-0.33682500000000004,0.1615122,-0.21784589999999998,0.0,-0.0025992,0.3293496,0.40227,-0.0303048,-0.4355102,0.052478,-0.6032078000000001,1.0338751,-0.446245,1.4769927,1.1384752999999999,-0.40846,-0.1745,-0.7854,-0.5,-0.78,0.04365,-0.4363,1.17039,-0.180642,0.6284,1.24894,1.04472,0.023562,0.73837,1.24894,1.13112,0.15708,0.43988,1.50816,0.809065,0.22253,0.651965,1.28822
0.0,0.0,0.0031,0.999919,0.0127497,0.0,0.0,0.0,0.0,0.0,0.0,0.0,0.0,-0.04650000000000001,0.280317,-0.00954,0.0,-0.152,0.312526,0.0,-0.055200000000000006,-0.324192,0.0,-0.6880310000000001,0.32362599999999997,-0.37,1.599225,0.9552485,0.208943,-0.11341999999999999,-0.5662734,0.78,-0.6246,0.19371,0.0087015,1.17039,0.23562,0.89547,1.3432,1.46103,0.010472,0.73837,1.16254,1.33535,-0.154462,0.14139,1.571,1.24109,-0.2618,0.447735,0.59698,-0.3405,0.160908,-0.216081,0.0,-0.002888,0.329104,0.40158,-0.033672,-0.434098,0.05282,-0.601637,1.035289,-0.44605,1.483773,1.140177,-0.40846,-0.1745,-0.7854,-0.5,-0.78,0.04365,-0.4363,1.17039,-0.180642,0.6284,1.24894,1.04472,0.023562,0.73837,1.24894,1.13112,0.15708,0.43988,1.50816,0.809065,0.22253,0.651965,1.28822
0.0,0.0,0.0031,0.999919,0.0127497,0.0,0.0,0.0,0.0,0.0,0.0,0.0,0.0,-0.05115,0.27861569999999997,-0.00954,0.0,-0.152,0.3155346,0.0,-0.06072,-0.3240692,0.0,-0.6833186,0.3245686,-0.37,1.6047224999999998,0.95660985,0.2078433,-0.10731199999999999,-0.56870814,0.78,-0.6246,0.19371,0.0087015,1.17039,0.23562,0.89547,1.3432,1.46103,0.010472,0.73837,1.16254,1.33535,-0.154462,0.14139,1.571,1.24109,-0.2618,0.447735,0.59698,-0.344175,0.1603038,-0.2143161,0.0,-0.0031768,0.3288584,0.40089,-0.0370392,-0.4326858,0.053162,-0.6000662,1.0367029,-0.445855,1.4905533,1.1418787,-0.40846,-0.1745,-0.7854,-0.5,-0.78,0.04365,-0.4363,1.17039,-0.180642,0.6284,1.24894,1.04472,0.023562,0.73837,1.24894,1.13112,0.15708,0.43988,1.50816,0.809065,0.22253,0.651965,1.28822
0.0,0.0,0.0031,0.999919,0.0127497,0.0,0.0,0.0,0.0,0.0,0.0,0.0,0.0,-0.0558,0.2769144,-0.00954,0.0,-0.152,0.3185432,0.0,-0.06624000000000001,-0.32394639999999997,0.0,-0.6786062,0.3255112,-0.37,1.61022,0.9579712,0.2067436,-0.10120399999999999,-0.57114288,0.78,-0.6246,0.19371,0.0087015,1.17039,0.23562,0.89547,1.3432,1.46103,0.010472,0.73837,1.16254,1.33535,-0.154462,0.14139,1.571,1.24109,-0.2618,0.447735,0.59698,-0.34785,0.1596996,-0.2125512,0.0,-0.0034655999999999997,0.32861280000000004,0.4002,-0.0404064,-0.43127360000000003,0.053503999999999996,-0.5984954,1.0381168,-0.44566,1.4973336,1.1435804,-0.40846,-0.1745,-0.7854,-0.5,-0.78,0.04365,-0.4363,1.17039,-0.180642,0.6284,1.24894,1.04472,0.023562,0.73837,1.24894,1.13112,0.15708,0.43988,1.50816,0.809065,0.22253,0.651965,1.28822
0.0,0.0,0.0031,0.999919,0.0127497,0.0,0.0,0.0,0.0,0.0,0.0,0.0,0.0,-0.060450000000000004,0.2752131,-0.00954,0.0,-0.152,0.32155180000000005,0.0,-0.07176,-0.3238236,0.0,-0.6738938,0.32645379999999996,-0.37,1.6157175,0.95933255,0.2056439,-0.09509599999999999,-0.57357762,0.78,-0.6246,0.19371,0.0087015,1.17039,0.23562,0.89547,1.3432,1.46103,0.010472,0.73837,1.16254,1.33535,-0.154462,0.14139,1.571,1.24109,-0.2618,0.447735,0.59698,-0.35152500000000003,0.1590954,-0.21078629999999998,0.0,-0.0037544,0.3283672,0.39951000000000003,-0.0437736,-0.4298614,0.053846,-0.5969246,1.0395307,-0.445465,1.5041139,1.1452821,-0.40846,-0.1745,-0.7854,-0.5,-0.78,0.04365,-0.4363,1.17039,-0.180642,0.6284,1.24894,1.04472,0.023562,0.73837,1.24894,1.13112,0.15708,0.43988,1.50816,0.809065,0.22253,0.651965,1.28822
0.0,0.0,0.0031,0.999919,0.0127497,0.0,0.0,0.0,0.0,0.0,0.0,0.0,0.0,-0.0651,0.27351179999999997,-0.00954,0.0,-0.152,0.3245604,0.0,-0.07728000000000002,-0.3237008,0.0,-0.6691814,0.3273964,-0.37,1.6212149999999999,0.9606939,0.2045442,-0.08898799999999998,-0.57601236,0.78,-0.6246,0.19371,0.0087015,1.17039,0.23562,0.89547,1.3432,1.46103,0.010472,0.73837,1.16254,1.33535,-0.154462,0.14139,1.571,1.24109,-0.2618,0.447735,0.59698,-0.3552,0.1584912,-0.2090214,0.0,-0.0040432,0.3281216,0.39882,-0.04714080000000001,-0.4284492,0.054188,-0.5953538,1.0409446,-0.44527,1.5108941999999999,1.1469837999999999,-0.40846,-0.1745,-0.7854,-0.5,-0.78,0.04365,-0.4363,1.17039,-0.180642,0.6284,1.24894,1.04472,0.023562,0.73837,1.24894,1.13112,0.15708,0.43988,1.50816,0.809065,0.22253,0.651965,1.28822
0.0,0.0,0.0031,0.999919,0.0127497,0.0,0.0,0.0,0.0,0.0,0.0,0.0,0.0,-0.06975,0.2718105,-0.00954,0.0,-0.152,0.327569,0.0,-0.0828,-0.323578,0.0,-0.664469,0.328339,-0.37,1.6267125,0.96205525,0.2034445,-0.08288,-0.5784471,0.78,-0.6246,0.19371,0.0087015,1.17039,0.23562,0.89547,1.3432,1.46103,0.010472,0.73837,1.16254,1.33535,-0.154462,0.14139,1.571,1.24109,-0.2618,0.447735,0.59698,-0.358875,0.157887,-0.2072565,0.0,-0.004332,0.327876,0.39813,-0.050508000000000004,-0.427037,0.054529999999999995,-0.5937830000000001,1.0423585,-0.445075,1.5176745,1.1486855,-0.40846,-0.1745,-0.7854,-0.5,-0.78,0.04365,-0.4363,1.17039,-0.180642,0.6284,1.24894,1.04472,0.023562,0.73837,1.24894,1.13112,0.15708,0.43988,1.50816,0.809065,0.22253,0.651965,1.28822
0.0,0.0,0.0031,0.999919,0.0127497,0.0,0.0,0.0,0.0,0.0,0.0,0.0,0.0,-0.07440000000000001,0.2701092,-0.00954,0.0,-0.152,0.3305776,0.0,-0.08832000000000001,-0.3234552,0.0,-0.6597566,0.3292816,-0.37,1.63221,0.9634166,0.2023448,-0.07677199999999998,-0.58088184,0.78,-0.6246,0.19371,0.0087015,1.17039,0.23562,0.89547,1.3432,1.46103,0.010472,0.73837,1.16254,1.33535,-0.154462,0.14139,1.571,1.24109,-0.2618,0.447735,0.59698,-0.36255000000000004,0.1572828,-0.2054916,0.0,-0.0046208,0.32763040000000004,0.39744,-0.053875200000000005,-0.4256248,0.054872,-0.5922122000000001,1.0437724,-0.44488,1.5244548,1.1503872,-0.40846,-0.1745,-0.7854,-0.5,-0.78,0.04365,-0.4363,1.17039,-0.180642,0.6284,1.24894,1.04472,0.023562,0.73837,1.24894,1.13112,0.15708,0.43988,1.50816,0.809065,0.22253,0.651965,1.28822
0.0,0.0,0.0031,0.999919,0.0127497,0.0,0.0,0.0,0.0,0.0,0.0,0.0,0.0,-0.07905000000000001,0.2684079,-0.00954,0.0,-0.152,0.33358620000000005,0.0,-0.09384000000000002,-0.32333239999999996,0.0,-0.6550442,0.33022419999999997,-0.37,1.6377074999999999,0.96477795,0.2012451,-0.07066399999999998,-0.58331658,0.78,-0.6246,0.19371,0.0087015,1.17039,0.23562,0.89547,1.3432,1.46103,0.010472,0.73837,1.16254,1.33535,-0.154462,0.14139,1.571,1.24109,-0.2618,0.447735,0.59698,-0.366225,0.1566786,-0.20372669999999998,0.0,-0.0049096,0.32738480000000003,0.39675,-0.057242400000000006,-0.4242126,0.055214,-0.5906414,1.0451863,-0.444685,1.5312351,1.1520888999999999,-0.40846,-0.1745,-0.7854,-0.5,-0.78,0.04365,-0.4363,1.17039,-0.180642,0.6284,1.24894,1.04472,0.023562,0.73837,1.24894,1.13112,0.15708,0.43988,1.50816,0.809065,0.22253,0.651965,1.28822
0.0,0.0,0.0031,0.999919,0.0127497,0.0,0.0,0.0,0.0,0.0,0.0,0.0,0.0,-0.0837,0.2667066,-0.00954,0.0,-0.152,0.3365948,0.0,-0.09936,-0.3232096,0.0,-0.6503318,0.3311668,-0.37,1.6432049999999998,0.9661393,0.2001454,-0.06455599999999999,-0.58575132,0.78,-0.6246,0.19371,0.0087015,1.17039,0.23562,0.89547,1.3432,1.46103,0.010472,0.73837,1.16254,1.33535,-0.154462,0.14139,1.571,1.24109,-0.2618,0.447735,0.59698,-0.3699,0.1560744,-0.2019618,0.0,-0.0051984,0.3271392,0.39606,-0.0606096,-0.4228004,0.055556,-0.5890706,1.0466002,-0.44449,1.5380154,1.1537906,-0.40846,-0.1745,-0.7854,-0.5,-0.78,0.04365,-0.4363,1.17039,-0.180642,0.6284,1.24894,1.04472,0.023562,0.73837,1.24894,1.13112,0.15708,0.43988,1.50816,0.809065,0.22253,0.651965,1.28822
0.0,0.0,0.0031,0.999919,0.0127497,0.0,0.0,0.0,0.0,0.0,0.0,0.0,0.0,-0.08835000000000001,0.2650053,-0.00954,0.0,-0.152,0.3396034,0.0,-0.10488000000000001,-0.3230868,0.0,-0.6456194,0.3321094,-0.37,1.6487025,0.96750065,0.1990457,-0.058447999999999986,-0.58818606,0.78,-0.6246,0.19371,0.0087015,1.17039,0.23562,0.89547,1.3432,1.46103,0.010472,0.73837,1.16254,1.33535,-0.154462,0.14139,1.571,1.24109,-0.2618,0.447735,0.59698,-0.373575,0.1554702,-0.2001969,0.0,-0.0054872,0.3268936,0.39537,-0.0639768,-0.4213882,0.055897999999999996,-0.5874998,1.0480141,-0.444295,1.5447956999999999,1.1554923,-0.40846,-0.1745,-0.7854,-0.5,-0.78,0.04365,-0.4363,1.17039,-0.180642,0.6284,1.24894,1.04472,0.023562,0.73837,1.24894,1.13112,0.15708,0.43988,1.50816,0.809065,0.22253,0.651965,1.28822
0.0,0.0,0.0031,0.999919,0.0127497,0.0,0.0,0.0,0.0,0.0,0.0,0.0,0.0,-0.09300000000000001,0.263304,-0.00954,0.0,-0.152,0.342612,0.0,-0.11040000000000001,-0.322964,0.0,-0.640907,0.33305199999999996,-0.37,1.6542,0.968862,0.197946,-0.052339999999999984,-0.5906208000000001,0.78,-0.6246,0.19371,0.0087015,1.17039,0.23562,0.89547,1.3432,1.46103,0.010472,0.73837,1.16254,1.33535,-0.154462,0.14139,1.571,1.24109,-0.2618,0.447735,0.59698,-0.37725000000000003,0.154866,-0.198432,0.0,-0.005776,0.326648,0.39468000000000003,-0.067344,-0.419976,0.05624,-0.585929,1.049428,-0.4441,1.5515759999999998,1.157194,-0.40846,-0.1745,-0.7854,-0.5,-0.78,0.04365,-0.4363,1.17039,-0.180642,0.6284,1.24894,1.04472,0.023562,0.73837,1.24894,1.13112,0.15708,0.43988,1.50816,0.809065,0.22253,0.651965,1.28822
0.0,0.0,0.0031,0.999919,0.0127497,0.0,0.0,0.0,0.0,0.0,0.0,0.0,0.0,-0.09765,0.26160269999999997,-0.00954,0.0,-0.152,0.34562060000000006,0.0,-0.11592000000000001,-0.3228412,0.0,-0.6361946,0.3339946,-0.37,1.6596974999999998,0.9702233499999999,0.1968463,-0.046231999999999995,-0.59305554,0.78,-0.6246,0.19371,0.0087015,1.17039,0.23562,0.89547,1.3432,1.46103,0.010472,0.73837,1.16254,1.33535,-0.154462,0.14139,1.571,1.24109,-0.2618,0.447735,0.59698,-0.380925,0.1542618,-0.19666709999999998,0.0,-0.0060647999999999995,0.32640240000000004,0.39399,-0.0707112,-0.4185638,0.056582,-0.5843582,1.0508419,-0.443905,1.5583562999999998,1.1588957,-0.40846,-0.1745,-0.7854,-0.5,-0.78,0.04365,-0.4363,1.17039,-0.180642,0.6284,1.24894,1.04472,0.023562,0.73837,1.24894,1.13112,0.15708,0.43988,1.50816,0.809065,0.22253,0.651965,1.28822
0.0,0.0,0.0031,0.999919,0.0127497,0.0,0.0,0.0,0.0,0.0,0.0,0.0,0.0,-0.1023,0.2599014,-0.00954,0.0,-0.152,0.34862920000000003,0.0,-0.12144,-0.32271839999999996,0.0,-0.6314822,0.3349372,-0.37,1.665195,0.9715847,0.1957466,-0.04012399999999999,-0.59549028,0.78,-0.6246,0.19371,0.0087015,1.17039,0.23562,0.89547,1.3432,1.46103,0.010472,0.73837,1.16254,1.33535,-0.154462,0.14139,1.571,1.24109,-0.2618,0.447735,0.59698,-0.38460000000000005,0.15365759999999998,-0.1949022,0.0,-0.0063536,0.3261568,0.3933,-0.0740784,-0.4171516,0.056923999999999995,-0.5827874000000001,1.0522558,-0.44371,1.5651366,1.1605974,-0.40846,-0.1745,-0.7854,-0.5,-0.78,0.04365,-0.4363,1.17039,-0.180642,0.6284,1.24894,1.04472,0.023562,0.73837,1.24894,1.13112,0.15708,0.43988,1.50816,0.809065,0.22253,0.651965,1.28822
0.0,0.0,0.0031,0.999919,0.0127497,0.0,0.0,0.0,0.0,0.0,0.0,0.0,0.0,-0.10695,0.2582001,-0.00954,0.0,-0.152,0.3516378,0.0,-0.12696000000000002,-0.3225956,0.0,-0.6267698,0.3358798,-0.37,1.6706925,0.97294605,0.19464689999999998,-0.03401599999999999,-0.59792502,0.78,-0.6246,0.19371,0.0087015,1.17039,0.23562,0.89547,1.3432,1.46103,0.010472,0.73837,1.16254,1.33535,-0.154462,0.14139,1.571,1.24109,-0.2618,0.447735,0.59698,-0.38827500000000004,0.15305339999999998,-0.1931373,0.0,-0.0066424000000000006,0.3259112,0.39261,-0.0774456,-0.4157394,0.057266,-0.5812166,1.0536697,-0.443515,1.5719169,1.1622991,-0.40846,-0.1745,-0.7854,-0.5,-0.78,0.04365,-0.4363,1.17039,-0.180642,0.6284,1.24894,1.04472,0.023562,0.73837,1.24894,1.13112,0.15708,0.43988,1.50816,0.809065,0.22253,0.651965,1.28822
0.0,0.0,0.0031,0.999919,0.0127497,0.0,0.0,0.0,0.0,0.0,0.0,0.0,0.0,-0.1116,0.25649879999999997,-0.00954,0.0,-0.152,0.35464640000000003,0.0,-0.13248000000000001,-0.3224728,0.0,-0.6220574,0.33682239999999997,-0.37,1.6761899999999998,0.9743073999999999,0.1935472,-0.02790799999999999,-0.60035976,0.78,-0.6246,0.19371,0.0087015,1.17039,0.23562,0.89547,1.3432,1.46103,0.010472,0.73837,1.16254,1.33535,-0.154462,0.14139,1.571,1.24109,-0.2618,0.447735,0.59698,-0.39195,0.15244919999999998,-0.1913724,0.0,-0.006931199999999999,0.3256656,0.39192,-0.0808128,-0.4143272,0.057608,-0.5796458,1.0550836,-0.44332,1.5786972,1.1640008,-0.40846,-0.1745,-0.7854,-0.5,-0.78,0.04365,-0.4363,1.17039,-0.180642,0.6284,1.24894,1.04472,0.023562,0.73837,1.24894,1.13112,0.15708,0.43988,1.50816,0.809065,0.22253,0.651965,1.28822
0.0,0.0,0.0031,0.999919,0.0127497,0.0,0.0,0.0,0.0,0.0,0.0,0.0,0.0,-0.11625,0.2547975,-0.00954,0.0,-0.152,0.35765500000000006,0.0,-0.138,-0.32234999999999997,0.0,-0.617345,0.337765,-0.37,1.6816874999999998,0.97566875,0.1924475,-0.021799999999999986,-0.6027945,0.78,-0.6246,0.19371,0.0087015,1.17039,0.23562,0.89547,1.3432,1.46103,0.010472,0.73837,1.16254,1.33535,-0.154462,0.14139,1.571,1.24109,-0.2618,0.447735,0.59698,-0.395625,0.15184499999999998,-0.18960749999999998,0.0,-0.00722,0.32542000000000004,0.39123,-0.08418,-0.41291500000000003,0.05795,-0.578075,1.0564974999999999,-0.443125,1.5854774999999999,1.1657025,-0.40846,-0.1745,-0.7854,-0.5,-0.78,0.04365,-0.4363,1.17039,-0.180642,0.6284,1.24894,1.04472,0.023562,0.73837,1.24894,1.13112,0.15708,0.43988,1.50816,0.809065,0.22253,0.651965,1.28822
0.0,0.0,0.0031,0.999919,0.0127497,0.0,0.0,0.0,0.0,0.0,0.0,0.0,0.0,-0.12090000000000001,0.2530962,-0.00954,0.0,-0.152,0.36066360000000003,0.0,-0.14352,-0.3222272,0.0,-0.6126326,0.3387076,-0.37,1.687185,0.9770301,0.19134779999999998,-0.015691999999999984,-0.60522924,0.78,-0.6246,0.19371,0.0087015,1.17039,0.23562,0.89547,1.3432,1.46103,0.010472,0.73837,1.16254,1.33535,-0.154462,0.14139,1.571,1.24109,-0.2618,0.447735,0.59698,-0.3993,0.15124079999999998,-0.1878426,0.0,-0.0075088,0.32517440000000003,0.39054,-0.0875472,-0.4115028,0.058292,-0.5765042,1.0579114,-0.44293,1.5922578,1.1674042,-0.40846,-0.1745,-0.7854,-0.5,-0.78,0.04365,-0.4363,1.17039,-0.180642,0.6284,1.24894,1.04472,0.023562,0.73837,1.24894,1.13112,0.15708,0.43988,1.50816,0.809065,0.22253,0.651965,1.28822
0.0,0.0,0.0031,0.999919,0.0127497,0.0,0.0,0.0,0.0,0.0,0.0,0.0,0.0,-0.12555000000000002,0.2513949,-0.00954,0.0,-0.152,0.3636722,0.0,-0.14904000000000003,-0.32210439999999996,0.0,-0.6079202,0.3396502,-0.37,1.6926824999999999,0.9783914499999999,0.1902481,-0.009583999999999981,-0.60766398,0.78,-0.6246,0.19371,0.0087015,1.17039,0.23562,0.89547,1.3432,1.46103,0.010472,0.73837,1.16254,1.33535,-0.154462,0.14139,1.571,1.24109,-0.2618,0.447735,0.59698,-0.402975,0.15063659999999998,-0.1860777,0.0,-0.0077976,0.3249288,0.38985000000000003,-0.0909144,-0.41009059999999997,0.058634,-0.5749334,1.0593253,-0.442735,1.5990381,1.1691059,-0.40846,-0.1745,-0.7854,-0.5,-0.78,0.04365,-0.4363,1.17039,-0.180642,0.6284,1.24894,1.04472,0.023562,0.73837,1.24894,1.13112,0.15708,0.43988,1.50816,0.809065,0.22253,0.651965,1.28822
0.0,0.0,0.0031,0.999919,0.0127497,0.0,0.0,0.0,0.0,0.0,0.0,0.0,0.0,-0.1302,0.2496936,-0.00954,0.0,-0.152,0.36668080000000003,0.0,-0.15456000000000003,-0.3219816,0.0,-0.6032078,0.3405928,-0.37,1.6981799999999998,0.9797528,0.1891484,-0.003475999999999979,-0.61009872,0.78,-0.6246,0.19371,0.0087015,1.17039,0.23562,0.89547,1.3432,1.46103,0.010472,0.73837,1.16254,1.33535,-0.154462,0.14139,1.571,1.24109,-0.2618,0.447735,0.59698,-0.40665,0.15003239999999998,-0.1843128,0.0,-0.0080864,0.3246832,0.38916,-0.09428160000000002,-0.4086784,0.058976,-0.5733626000000001,1.0607392,-0.44254,1.6058184,1.1708076,-0.40846,-0.1745,-0.7854,-0.5,-0.78,0.04365,-0.4363,1.17039,-0.180642,0.6284,1.24894,1.04472,0.023562,0.73837,1.24894,1.13112,0.15708,0.43988,1.50816,0.809065,0.22253,0.651965,1.28822
0.0,0.0,0.0031,0.999919,0.0127497,0.0,0.0,0.0,0.0,0.0,0.0,0.0,0.0,-0.13485,0.2479923,-0.00954,0.0,-0.152,0.36968940000000006,0.0,-0.16008,-0.3218588,0.0,-0.5984954,0.3415354,-0.37,1.7036775,0.98111415,0.1880487,0.0026319999999999955,-0.61253346,0.78,-0.6246,0.19371,0.0087015,1.17039,0.23562,0.89547,1.3432,1.46103,0.010472,0.73837,1.16254,1.33535,-0.154462,0.14139,1.571,1.24109,-0.2618,0.447735,0.59698,-0.410325,0.14942819999999998,-0.1825479,0.0,-0.0083752,0.3244376,0.38847,-0.0976488,-0.4072662,0.059317999999999996,-0.5717918000000001,1.0621531,-0.442345,1.6125987,1.1725093,-0.40846,-0.1745,-0.7854,-0.5,-0.78,0.04365,-0.4363,1.17039,-0.180642,0.6284,1.24894,1.04472,0.023562,0.73837,1.24894,1.13112,0.15708,0.43988,1.50816,0.809065,0.22253,0.651965,1.28822
0.0,0.0,0.0031,0.999919,0.0127497,0.0,0.0,0.0,0.0,0.0,0.0,0.0,0.0,-0.1395,0.24629099999999998,-0.00954,0.0,-0.152,0.37269800000000003,0.0,-0.1656,-0.32173599999999997,0.0,-0.593783,0.342478,-0.37,1.7091749999999999,0.9824755,0.186949,0.008739999999999998,-0.6149682,0.78,-0.6246,0.19371,0.0087015,1.17039,0.23562,0.89547,1.3432,1.46103,0.010472,0.73837,1.16254,1.33535,-0.154462,0.14139,1.571,1.24109,-0.2618,0.447735,0.59698,-0.41400000000000003,0.14882399999999998,-0.180783,0.0,-0.008664,0.32419200000000004,0.38778,-0.10101600000000001,-0.405854,0.05966,-0.570221,1.063567,-0.44215,1.619379,1.174211,-0.40846,-0.1745,-0.7854,-0.5,-0.78,0.04365,-0.4363,1.17039,-0.180642,0.6284,1.24894,1.04472,0.023562,0.73837,1.24894,1.13112,0.15708,0.43988,1.50816,0.809065,0.22253,0.651965,1.28822
0.0,0.0,0.0031,0.999919,0.0127497,0.0,0.0,0.0,0.0,0.0,0.0,0.0,0.0,-0.14415,0.2445897,-0.00954,0.0,-0.152,0.3757066,0.0,-0.17112000000000002,-0.3216132,0.0,-0.5890706,0.34342059999999996,-0.37,1.7146724999999998,0.98383685,0.1858493,0.014848,-0.6174029400000001,0.78,-0.6246,0.19371,0.0087015,1.17039,0.23562,0.89547,1.3432,1.46103,0.010472,0.73837,1.16254,1.33535,-0.154462,0.14139,1.571,1.24109,-0.2618,0.447735,0.59698,-0.417675,0.14821979999999998,-0.1790181,0.0,-0.0089528,0.3239464,0.38709,-0.10438320000000001,-0.4044418,0.060002,-0.5686502,1.0649809,-0.441955,1.6261592999999999,1.1759127,-0.40846,-0.1745,-0.7854,-0.5,-0.78,0.04365,-0.4363,1.17039,-0.180642,0.6284,1.24894,1.04472,0.023562,0.73837,1.24894,1.13112,0.15708,0.43988,1.50816,0.809065,0.22253,0.651965,1.28822
0.0,0.0,0.0031,0.999919,0.0127497,0.0,0.0,0.0,0.0,0.0,0.0,0.0,0.0,-0.14880000000000002,0.2428884,-0.00954,0.0,-0.152,0.37871520000000003,0.0,-0.17664000000000002,-0.3214904,0.0,-0.5843582,0.3443632,-0.37,1.72017,0.9851981999999999,0.18474959999999999,0.02095600000000003,-0.6198376800000001,0.78,-0.6246,0.19371,0.0087015,1.17039,0.23562,0.89547,1.3432,1.46103,0.010472,0.73837,1.16254,1.33535,-0.154462,0.14139,1.571,1.24109,-0.2618,0.447735,0.59698,-0.42135,0.14761559999999999,-0.1772532,0.0,-0.0092416,0.3237008,0.3864,-0.10775040000000001,-0.4030296,0.060343999999999995,-0.5670794,1.0663947999999999,-0.44176,1.6329395999999998,1.1776144,-0.40846,-0.1745,-0.7854,-0.5,-0.78,0.04365,-0.4363,1.17039,-0.180642,0.6284,1.24894,1.04472,0.023562,0.73837,1.24894,1.13112,0.15708,0.43988,1.50816,0.809065,0.22253,0.651965,1.28822
0.0,0.0,0.0031,0.999919,0.0127497,0.0,0.0,0.0,0.0,0.0,0.0,0.0,0.0,-0.15345,0.2411871,-0.00954,0.0,-0.152,0.38172380000000006,0.0,-0.18216000000000002,-0.3213676,0.0,-0.5796458,0.3453058,-0.37,1.7256675,0.98655955,0.1836499,0.027064000000000032,-0.62227242,0.78,-0.6246,0.19371,0.0087015,1.17039,0.23562,0.89547,1.3432,1.46103,0.010472,0.73837,1.16254,1.33535,-0.154462,0.14139,1.571,1.24109,-0.2618,0.447735,0.59698,-0.42502500000000004,0.1470114,-0.17548829999999999,0.0,-0.0095304,0.3234552,0.38571,-0.11111760000000001,-0.4016174,0.060686,-0.5655086,1.0678087,-0.441565,1.6397199,1.1793161,-0.40846,-0.1745,-0.7854,-0.5,-0.78,0.04365,-0.4363,1.17039,-0.180642,0.6284,1.24894,1.04472,0.023562,0.73837,1.24894,1.13112,0.15708,0.43988,1.50816,0.809065,0.22253,0.651965,1.28822
0.0,0.0,0.0031,0.999919,0.0127497,0.0,0.0,0.0,0.0,0.0,0.0,0.0,0.0,-0.15810000000000002,0.23948579999999997,-0.00954,0.0,-0.152,0.38473240000000003,0.0,-0.18768000000000004,-0.3212448,0.0,-0.5749333999999999,0.3462484,-0.37,1.7311649999999998,0.9879209,0.1825502,0.033172000000000035,-0.62470716,0.78,-0.6246,0.19371,0.0087015,1.17039,0.23562,0.89547,1.3432,1.46103,0.010472,0.73837,1.16254,1.33535,-0.154462,0.14139,1.571,1.24109,-0.2618,0.447735,0.59698,-0.4287,0.1464072,-0.1737234,0.0,-0.0098192,0.3232096,0.38502000000000003,-0.11448480000000001,-0.4002052,0.061028,-0.5639378,1.0692226,-0.44137,1.6465002,1.1810178,-0.40846,-0.1745,-0.7854,-0.5,-0.78,0.04365,-0.4363,1.17039,-0.180642,0.6284,1.24894,1.04472,0.023562,0.73837,1.24894,1.13112,0.15708,0.43988,1.50816,0.809065,0.22253,0.651965,1.28822
0.0,0.0,0.0031,0.999919,0.0127497,0.0,0.0,0.0,0.0,0.0,0.0,0.0,0.0,-0.16275000000000003,0.23778449999999998,-0.00954,0.0,-0.152,0.38774100000000006,0.0,-0.19320000000000004,-0.32112199999999996,0.0,-0.570221,0.34719099999999997,-0.37,1.7366625,0.9892822499999999,0.1814505,0.03928000000000004,-0.6271419,0.78,-0.6246,0.19371,0.0087015,1.17039,0.23562,0.89547,1.3432,1.46103,0.010472,0.73837,1.16254,1.33535,-0.154462,0.14139,1.571,1.24109,-0.2618,0.447735,0.59698,-0.43237500000000006,0.145803,-0.1719585,0.0,-0.010108,0.32296400000000003,0.38433,-0.11785200000000001,-0.398793,0.06137,-0.5623670000000001,1.0706365,-0.441175,1.6532805,1.1827195,-0.40846,-0.1745,-0.7854,-0.5,-0.78,0.04365,-0.4363,1.17039,-0.180642,0.6284,1.24894,1.04472,0.023562,0.73837,1.24894,1.13112,0.15708,0.43988,1.50816,0.809065,0.22253,0.651965,1.28822
0.0,0.0,0.0031,0.999919,0.0127497,0.0,0.0,0.0,0.0,0.0,0.0,0.0,0.0,-0.1674,0.2360832,-0.00954,0.0,-0.152,0.39074960000000003,0.0,-0.19872,-0.3209992,0.0,-0.5655086,0.3481336,-0.37,1.74216,0.9906436,0.1803508,0.04538800000000001,-0.62957664,0.78,-0.6246,0.19371,0.0087015,1.17039,0.23562,0.89547,1.3432,1.46103,0.010472,0.73837,1.16254,1.33535,-0.154462,0.14139,1.571,1.24109,-0.2618,0.447735,0.59698,-0.43605000000000005,0.1451988,-0.1701936,0.0,-0.0103968,0.3227184,0.38364,-0.1212192,-0.3973808,0.061711999999999996,-0.5607962,1.0720504,-0.44098,1.6600608,1.1844212,-0.40846,-0.1745,-0.7854,-0.5,-0.78,0.04365,-0.4363,1.17039,-0.180642,0.6284,1.24894,1.04472,0.023562,0.73837,1.24894,1.13112,0.15708,0.43988,1.50816,0.809065,0.22253,0.651965,1.28822
0.0,0.0,0.0031,0.999919,0.0127497,0.0,0.0,0.0,0.0,0.0,0.0,0.0,0.0,-0.17205,0.23438189999999998,-0.00954,0.0,-0.152,0.39375820000000006,0.0,-0.20424,-0.3208764,0.0,-0.5607962,0.3490762,-0.37,1.7476574999999999,0.99200495,0.1792511,0.051496000000000014,-0.63201138,0.78,-0.6246,0.19371,0.0087015,1.17039,0.23562,0.89547,1.3432,1.46103,0.010472,0.73837,1.16254,1.33535,-0.154462,0.14139,1.571,1.24109,-0.2618,0.447735,0.59698,-0.43972500000000003,0.1445946,-0.1684287,0.0,-0.0106856,0.3224728,0.38295,-0.1245864,-0.3959686,0.062054,-0.5592254,1.0734643,-0.440785,1.6668410999999999,1.1861229,-0.40846,-0.1745,-0.7854,-0.5,-0.78,0.04365,-0.4363,1.17039,-0.180642,0.6284,1.24894,1.04472,0.023562,0.73837,1.24894,1.13112,0.15708,0.43988,1.50816,0.809065,0.22253,0.651965,1.28822
0.0,0.0,0.0031,0.999919,0.0127497,0.0,0.0,0.0,0.0,0.0,0.0,0.0,0.0,-0.17670000000000002,0.2326806,-0.00954,0.0,-0.152,0.39676680000000003,0.0,-0.20976000000000003,-0.32075359999999997,0.0,-0.5560838,0.35001879999999996,-0.37,1.7531549999999998,0.9933662999999999,0.1781514,0.057604000000000016,-0.63444612,0.78,-0.6246,0.19371,0.0087015,1.17039,0.23562,0.89547,1.3432,1.46103,0.010472,0.73837,1.16254,1.33535,-0.154462,0.14139,1.571,1.24109,-0.2618,0.447735,0.59698,-0.4434,0.1439904,-0.1666638,0.0,-0.0109744,0.3222272,0.38226,-0.1279536,-0.39455640000000003,0.06239599999999999,-0.5576546,1.0748782,-0.44059,1.6736214,1.1878246,-0.40846,-0.1745,-0.7854,-0.5,-0.78,0.04365,-0.4363,1.17039,-0.180642,0.6284,1.24894,1.04472,0.023562,0.73837,1.24894,1.13112,0.15708,0.43988,1.50816,0.809065,0.22253,0.651965,1.28822
0.0,0.0,0.0031,0.999919,0.0127497,0.0,0.0,0.0,0.0,0.0,0.0,0.0,0.0,-0.18135,0.2309793,-0.00954,0.0,-0.152,0.3997754,0.0,-0.21528000000000003,-0.3206308,0.0,-0.5513714000000001,0.3509614,-0.37,1.7586525,0.99472765,0.17705169999999998,0.06371200000000002,-0.63688086,0.78,-0.6246,0.19371,0.0087015,1.17039,0.23562,0.89547,1.3432,1.46103,0.010472,0.73837,1.16254,1.33535,-0.154462,0.14139,1.571,1.24109,-0.2618,0.447735,0.59698,-0.447075,0.1433862,-0.16489890000000001,0.0,-0.011263200000000001,0.32198160000000003,0.38157,-0.13132080000000002,-0.3931442,0.062738,-0.5560838,1.0762920999999999,-0.440395,1.6804017,1.1895263,-0.40846,-0.1745,-0.7854,-0.5,-0.78,0.04365,-0.4363,1.17039,-0.180642,0.6284,1.24894,1.04472,0.023562,0.73837,1.24894,1.13112,0.15708,0.43988,1.50816,0.809065,0.22253,0.651965,1.28822
0.0,0.0,0.0031,0.999919,0.0127497,0.0,0.0,0.0,0.0,0.0,0.0,0.0,0.0,-0.18600000000000003,0.22927799999999998,-0.00954,0.0,-0.152,0.40278400000000003,0.0,-0.22080000000000002,-0.32050799999999996,0.0,-0.546659,0.351904,-0.37,1.7641499999999999,0.996089,0.175952,0.06982000000000002,-0.6393156,0.78,-0.6246,0.19371,0.0087015,1.17039,0.23562,0.89547,1.3432,1.46103,0.010472,0.73837,1.16254,1.33535,-0.154462,0.14139,1.571,1.24109,-0.2618,0.447735,0.59698,-0.45075,0.142782,-0.163134,0.0,-0.011552,0.321736,0.38088,-0.134688,-0.39173199999999997,0.06308,-0.554513,1.077706,-0.4402,1.687182,1.191228,-0.40846,-0.1745,-0.7854,-0.5,-0.78,0.04365,-0.4363,1.17039,-0.180642,0.6284,1.24894,1.04472,0.023562,0.73837,1.24894,1.13112,0.15708,0.43988,1.50816,0.809065,0.22253,0.651965,1.28822
0.0,0.0,0.0031,0.999919,0.0127497,0.0,0.0,0.0,0.0,0.0,0.0,0.0,0.0,-0.19065000000000001,0.2275767,-0.00954,0.0,-0.152,0.40579260000000006,0.0,-0.22632000000000005,-0.3203852,0.0,-0.5419466,0.3528466,-0.37,1.7696474999999998,0.9974503499999999,0.1748523,0.07592800000000005,-0.64175034,0.78,-0.6246,0.19371,0.0087015,1.17039,0.23562,0.89547,1.3432,1.46103,0.010472,0.73837,1.16254,1.33535,-0.154462,0.14139,1.571,1.24109,-0.2618,0.447735,0.59698,-0.454425,0.1421778,-0.1613691,0.0,-0.0118408,0.3214904,0.38019000000000003,-0.13805520000000002,-0.3903198,0.06342199999999999,-0.5529422,1.0791199,-0.440005,1.6939623,1.1929297,-0.40846,-0.1745,-0.7854,-0.5,-0.78,0.04365,-0.4363,1.17039,-0.180642,0.6284,1.24894,1.04472,0.023562,0.73837,1.24894,1.13112,0.15708,0.43988,1.50816,0.809065,0.22253,0.651965,1.28822
0.0,0.0,0.0031,0.999919,0.0127497,0.0,0.0,0.0,0.0,0.0,0.0,0.0,0.0,-0.1953,0.2258754,-0.00954,0.0,-0.152,0.40880120000000003,0.0,-0.23184000000000002,-0.3202624,0.0,-0.5372342,0.35378919999999997,-0.37,1.7751449999999998,0.9988117,0.1737526,0.082036,-0.64418508,0.78,-0.6246,0.19371,0.0087015,1.17039,0.23562,0.89547,1.3432,1.46103,0.010472,0.73837,1.16254,1.33535,-0.154462,0.14139,1.571,1.24109,-0.2618,0.447735,0.59698,-0.4581,0.1415736,-0.1596042,0.0,-0.012129599999999999,0.3212448,0.3795,-0.1414224,-0.3889076,0.063764,-0.5513714000000001,1.0805338,-0.43981,1.7007425999999999,1.1946314,-0.40846,-0.1745,-0.7854,-0.5,-0.78,0.04365,-0.4363,1.17039,-0.180642,0.6284,1.24894,1.04472,0.023562,0.73837,1.24894,1.13112,0.15708,0.43988,1.50816,0.809065,0.22253,0.651965,1.28822
0.0,0.0,0.0031,0.999919,0.0127497,0.0,0.0,0.0,0.0,0.0,0.0,0.0,0.0,-0.19995000000000002,0.2241741,-0.00954,0.0,-0.152,0.4118098,0.0,-0.23736000000000002,-0.32013959999999997,0.0,-0.5325218,0.3547318,-0.37,1.7806425,1.00017305,0.1726529,0.088144,-0.64661982,0.78,-0.6246,0.19371,0.0087015,1.17039,0.23562,0.89547,1.3432,1.46103,0.010472,0.73837,1.16254,1.33535,-0.154462,0.14139,1.571,1.24109,-0.2618,0.447735,0.59698,-0.46177500000000005,0.1409694,-0.15783930000000002,0.0,-0.0124184,0.3209992,0.37881,-0.14478960000000002,-0.3874954,0.064106,-0.5498006,1.0819477,-0.439615,1.7075228999999998,1.1963331,-0.40846,-0.1745,-0.7854,-0.5,-0.78,0.04365,-0.4363,1.17039,-0.180642,0.6284,1.24894,1.04472,0.023562,0.73837,1.24894,1.13112,0.15708,0.43988,1.50816,0.809065,0.22253,0.651965,1.28822
0.0,0.0,0.0031,0.999919,0.0127497,0.0,0.0,0.0,0.0,0.0,0.0,0.0,0.0,-0.2046,0.2224728,-0.00954,0.0,-0.152,0.41481840000000003,0.0,-0.24288,-0.3200168,0.0,-0.5278094,0.3556744,-0.37,1.7861399999999998,1.0015344,0.1715532,0.094252,-0.64905456,0.78,-0.6246,0.19371,0.0087015,1.17039,0.23562,0.89547,1.3432,1.46103,0.010472,0.73837,1.16254,1.33535,-0.154462,0.14139,1.571,1.24109,-0.2618,0.447735,0.59698,-0.46545000000000003,0.1403652,-0.1560744,0.0,-0.0127072,0.3207536,0.37812,-0.1481568,-0.3860832,0.06444799999999999,-0.5482298,1.0833616,-0.43942,1.7143031999999998,1.1980348,-0.40846,-0.1745,-0.7854,-0.5,-0.78,0.04365,-0.4363,1.17039,-0.180642,0.6284,1.24894,1.04472,0.023562,0.73837,1.24894,1.13112,0.15708,0.43988,1.50816,0.809065,0.22253,0.651965,1.28822
0.0,0.0,0.0031,0.999919,0.0127497,0.0,0.0,0.0,0.0,0.0,0.0,0.0,0.0,-0.20925000000000002,0.2207715,-0.00954,0.0,-0.152,0.41782700000000006,0.0,-0.24840000000000004,-0.31989399999999996,0.0,-0.523097,0.35661699999999996,-0.37,1.7916374999999998,1.00289575,0.17045349999999998,0.10036,-0.6514893,0.78,-0.6246,0.19371,0.0087015,1.17039,0.23562,0.89547,1.3432,1.46103,0.010472,0.73837,1.16254,1.33535,-0.154462,0.14139,1.571,1.24109,-0.2618,0.447735,0.59698,-0.469125,0.139761,-0.1543095,0.0,-0.012996,0.320508,0.37743,-0.15152400000000002,-0.384671,0.06479,-0.546659,1.0847755,-0.439225,1.7210835,1.1997365,-0.40846,-0.1745,-0.7854,-0.5,-0.78,0.04365,-0.4363,1.17039,-0.180642,0.6284,1.24894,1.04472,0.023562,0.73837,1.24894,1.13112,0.15708,0.43988,1.50816,0.809065,0.22253,0.651965,1.28822
0.0,0.0,0.0031,0.999919,0.0127497,0.0,0.0,0.0,0.0,0.0,0.0,0.0,0.0,-0.2139,0.2190702,-0.00954,0.0,-0.152,0.42083560000000003,0.0,-0.25392000000000003,-0.3197712,0.0,-0.5183846,0.3575596,-0.37,1.797135,1.0042571,0.1693538,0.10646800000000001,-0.65392404,0.78,-0.6246,0.19371,0.0087015,1.17039,0.23562,0.89547,1.3432,1.46103,0.010472,0.73837,1.16254,1.33535,-0.154462,0.14139,1.571,1.24109,-0.2618,0.447735,0.59698,-0.4728,0.1391568,-0.1525446,0.0,-0.013284800000000001,0.3202624,0.37674,-0.1548912,-0.3832588,0.065132,-0.5450882,1.0861893999999999,-0.43903,1.7278638,1.2014382000000001,-0.40846,-0.1745,-0.7854,-0.5,-0.78,0.04365,-0.4363,1.17039,-0.180642,0.6284,1.24894,1.04472,0.023562,0.73837,1.24894,1.13112,0.15708,0.43988,1.50816,0.809065,0.22253,0.651965,1.28822
0.0,0.0,0.0031,0.999919,0.0127497,0.0,0.0,0.0,0.0,0.0,0.0,0.0,0.0,-0.21855000000000002,0.21736889999999998,-0.00954,0.0,-0.152,0.4238442,0.0,-0.25944000000000006,-0.3196484,0.0,-0.5136722,0.3585022,-0.37,1.8026324999999999,1.00561845,0.1682541,0.11257600000000001,-0.65635878,0.78,-0.6246,0.19371,0.0087015,1.17039,0.23562,0.89547,1.3432,1.46103,0.010472,0.73837,1.16254,1.33535,-0.154462,0.14139,1.571,1.24109,-0.2618,0.447735,0.59698,-0.47647500000000004,0.1385526,-0.15077970000000002,0.0,-0.0135736,0.3200168,0.37605,-0.15825840000000002,-0.3818466,0.065474,-0.5435174,1.0876033,-0.438835,1.7346441,1.2031399,-0.40846,-0.1745,-0.7854,-0.5,-0.78,0.04365,-0.4363,1.17039,-0.180642,0.6284,1.24894,1.04472,0.023562,0.73837,1.24894,1.13112,0.15708,0.43988,1.50816,0.809065,0.22253,0.651965,1.28822
0.0,0.0,0.0031,0.999919,0.0127497,0.0,0.0,0.0,0.0,0.0,0.0,0.0,0.0,-0.2232,0.21566760000000001,-0.00954,0.0,-0.152,0.42685280000000003,0.0,-0.26496000000000003,-0.31952559999999997,0.0,-0.5089598,0.3594448,-0.37,1.8081299999999998,1.0069797999999999,0.1671544,0.11868400000000001,-0.65879352,0.78,-0.6246,0.19371,0.0087015,1.17039,0.23562,0.89547,1.3432,1.46103,0.010472,0.73837,1.16254,1.33535,-0.154462,0.14139,1.571,1.24109,-0.2618,0.447735,0.59698,-0.48015,0.1379484,-0.1490148,0.0,-0.013862399999999999,0.31977120000000003,0.37536,-0.1616256,-0.3804344,0.065816,-0.5419466000000001,1.0890172,-0.43864000000000003,1.7414243999999999,1.2048416,-0.40846,-0.1745,-0.7854,-0.5,-0.78,0.04365,-0.4363,1.17039,-0.180642,0.6284,1.24894,1.04472,0.023562,0.73837,1.24894,1.13112,0.15708,0.43988,1.50816,0.809065,0.22253,0.651965,1.28822
0.0,0.0,0.0031,0.999919,0.0127497,0.0,0.0,0.0,0.0,0.0,0.0,0.0,0.0,-0.22785,0.2139663,-0.00954,0.0,-0.152,0.42986140000000006,0.0,-0.27048,-0.3194028,0.0,-0.5042474,0.36038739999999997,-0.37,1.8136275,1.00834115,0.1660547,0.12479200000000001,-0.66122826,0.78,-0.6246,0.19371,0.0087015,1.17039,0.23562,0.89547,1.3432,1.46103,0.010472,0.73837,1.16254,1.33535,-0.154462,0.14139,1.571,1.24109,-0.2618,0.447735,0.59698,-0.483825,0.1373442,-0.1472499,0.0,-0.0141512,0.3195256,0.37467,-0.1649928,-0.3790222,0.066158,-0.5403758,1.0904311,-0.438445,1.7482046999999998,1.2065433,-0.40846,-0.1745,-0.7854,-0.5,-0.78,0.04365,-0.4363,1.17039,-0.180642,0.6284,1.24894,1.04472,0.023562,0.73837,1.24894,1.13112,0.15708,0.43988,1.50816,0.809065,0.22253,0.651965,1.28822
0.0,0.0,0.0031,0.999919,0.0127497,0.0,0.0,0.0,0.0,0.0,0.0,0.0,0.0,-0.2325,0.21226499999999998,-0.00954,0.0,-0.152,0.43287000000000003,0.0,-0.276,-0.31928,0.0,-0.499535,0.36133,-0.37,1.8191249999999999,1.0097025,0.164955,0.13090000000000002,-0.663663,0.78,-0.6246,0.19371,0.0087015,1.17039,0.23562,0.89547,1.3432,1.46103,0.010472,0.73837,1.16254,1.33535,-0.154462,0.14139,1.571,1.24109,-0.2618,0.447735,0.59698,-0.48750000000000004,0.13674,-0.145485,0.0,-0.01444,0.31928,0.37398,-0.16836,-0.37761,0.0665,-0.538805,1.091845,-0.43825000000000003,1.754985,1.208245,-0.40846,-0.1745,-0.7854,-0.5,-0.78,0.04365,-0.4363,1.17039,-0.180642,0.6284,1.24894,1.04472,0.023562,0.73837,1.24894,1.13112,0.15708,0.43988,1.50816,0.809065,0.22253,0.651965,1.28822
0.0,0.0,0.0031,0.999919,0.0127497,0.0,0.0,0.0,0.0,0.0,0.0,0.0,0.0,-0.23715000000000003,0.2105637,-0.00954,0.0,-0.152,0.4358786,0.0,-0.28152000000000005,-0.3191572,0.0,-0.4948226,0.3622726,-0.37,1.8246224999999998,1.01106385,0.16385529999999998,0.13700800000000002,-0.66609774,0.78,-0.6246,0.19371,0.0087015,1.17039,0.23562,0.89547,1.3432,1.46103,0.010472,0.73837,1.16254,1.33535,-0.154462,0.14139,1.571,1.24109,-0.2618,0.447735,0.59698,-0.49117500000000003,0.1361358,-0.14372010000000002,0.0,-0.0147288,0.3190344,0.37329,-0.17172720000000002,-0.3761978,0.066842,-0.5372342,1.0932589,-0.43805499999999997,1.7617653,1.2099467,-0.40846,-0.1745,-0.7854,-0.5,-0.78,0.04365,-0.4363,1.17039,-0.180642,0.6284,1.24894,1.04472,0.023562,0.73837,1.24894,1.13112,0.15708,0.43988,1.50816,0.809065,0.22253,0.651965,1.28822
0.0,0.0,0.0031,0.999919,0.0127497,0.0,0.0,0.0,0.0,0.0,0.0,0.0,0.0,-0.24180000000000001,0.2088624,-0.00954,0.0,-0.152,0.43888720000000003,0.0,-0.28704,-0.3190344,0.0,-0.4901102,0.36321519999999996,-0.37,1.83012,1.0124252,0.1627556,0.14311600000000002,-0.66853248,0.78,-0.6246,0.19371,0.0087015,1.17039,0.23562,0.89547,1.3432,1.46103,0.010472,0.73837,1.16254,1.33535,-0.154462,0.14139,1.571,1.24109,-0.2618,0.447735,0.59698,-0.49485,0.1355316,-0.1419552,0.0,-0.0150176,0.3187888,0.3726,-0.1750944,-0.3747856,0.067184,-0.5356634,1.0946728,-0.43786,1.7685456,1.2116484,-0.40846,-0.1745,-0.7854,-0.5,-0.78,0.04365,-0.4363,1.17039,-0.180642,0.6284,1.24894,1.04472,0.023562,0.73837,1.24894,1.13112,0.15708,0.43988,1.50816,0.809065,0.22253,0.651965,1.28822
0.0,0.0,0.0031,0.999919,0.0127497,0.0,0.0,0.0,0.0,0.0,0.0,0.0,0.0,-0.24645000000000003,0.2071611,-0.00954,0.0,-0.152,0.44189580000000006,0.0,-0.29256000000000004,-0.31891159999999996,0.0,-0.4853978,0.3641578,-0.37,1.8356175,1.0137865499999998,0.1616559,0.14922400000000002,-0.67096722,0.78,-0.6246,0.19371,0.0087015,1.17039,0.23562,0.89547,1.3432,1.46103,0.010472,0.73837,1.16254,1.33535,-0.154462,0.14139,1.571,1.24109,-0.2618,0.447735,0.59698,-0.498525,0.13492739999999998,-0.1401903,0.0,-0.015306400000000001,0.3185432,0.37191,-0.17846160000000003,-0.37337339999999997,0.067526,-0.5340926,1.0960866999999999,-0.437665,1.7753259,1.2133501,-0.40846,-0.1745,-0.7854,-0.5,-0.78,0.04365,-0.4363,1.17039,-0.180642,0.6284,1.24894,1.04472,0.023562,0.73837,1.24894,1.13112,0.15708,0.43988,1.50816,0.809065,0.22253,0.651965,1.28822
0.0,0.0,0.0031,0.999919,0.0127497,0.0,0.0,0.0,0.0,0.0,0.0,0.0,0.0,-0.25110000000000005,0.20545979999999997,-0.00954,0.0,-0.152,0.44490440000000003,0.0,-0.29808000000000007,-0.3187888,0.0,-0.4806854,0.3651004,-0.37,1.8411149999999998,1.0151478999999999,0.16055619999999998,0.15533200000000003,-0.6734019600000001,0.78,-0.6246,0.19371,0.0087015,1.17039,0.23562,0.89547,1.3432,1.46103,0.010472,0.73837,1.16254,1.33535,-0.154462,0.14139,1.571,1.24109,-0.2618,0.447735,0.59698,-0.5022,0.13432319999999998,-0.1384254,0.0,-0.0155952,0.3182976,0.37122,-0.1818288,-0.3719612,0.067868,-0.5325218,1.0975006,-0.43747,1.7821061999999999,1.2150518000000001,-0.40846,-0.1745,-0.7854,-0.5,-0.78,0.04365,-0.4363,1.17039,-0.180642,0.6284,1.24894,1.04472,0.023562,0.73837,1.24894,1.13112,0.15708,0.43988,1.50816,0.809065,0.22253,0.651965,1.28822
0.0,0.0,0.0031,0.999919,0.0127497,0.0,0.0,0.0,0.0,0.0,0.0,0.0,0.0,-0.25575000000000003,0.2037585,-0.00954,0.0,-0.152,0.447913,0.0,-0.30360000000000004,-0.318666,0.0,-0.475973,0.366043,-0.37,1.8466125,1.01650925,0.1594565,0.16144000000000003,-0.6758367000000001,0.78,-0.6246,0.19371,0.0087015,1.17039,0.23562,0.89547,1.3432,1.46103,0.010472,0.73837,1.16254,1.33535,-0.154462,0.14139,1.571,1.24109,-0.2618,0.447735,0.59698,-0.5058750000000001,0.13371899999999998,-0.1366605,0.0,-0.015884000000000002,0.318052,0.37053,-0.18519600000000003,-0.370549,0.06820999999999999,-0.530951,1.0989145,-0.437275,1.7888864999999998,1.2167535,-0.40846,-0.1745,-0.7854,-0.5,-0.78,0.04365,-0.4363,1.17039,-0.180642,0.6284,1.24894,1.04472,0.023562,0.73837,1.24894,1.13112,0.15708,0.43988,1.50816,0.809065,0.22253,0.651965,1.28822
0.0,0.0,0.0031,0.999919,0.0127497,0.0,0.0,0.0,0.0,0.0,0.0,0.0,0.0,-0.2604,0.2020572,-0.00954,0.0,-0.152,0.45092160000000003,0.0,-0.30912000000000006,-0.31854319999999997,0.0,-0.4712606,0.36698559999999997,-0.37,1.85211,1.0178706,0.1583568,0.16754800000000003,-0.6782714400000001,0.78,-0.6246,0.19371,0.0087015,1.17039,0.23562,0.89547,1.3432,1.46103,0.010472,0.73837,1.16254,1.33535,-0.154462,0.14139,1.571,1.24109,-0.2618,0.447735,0.59698,-0.5095500000000001,0.13311479999999998,-0.1348956,0.0,-0.0161728,0.3178064,0.36984,-0.18856320000000004,-0.3691368,0.068552,-0.5293802,1.1003284,-0.43708,1.7956668,1.2184552,-0.40846,-0.1745,-0.7854,-0.5,-0.78,0.04365,-0.4363,1.17039,-0.180642,0.6284,1.24894,1.04472,0.023562,0.73837,1.24894,1.13112,0.15708,0.43988,1.50816,0.809065,0.22253,0.651965,1.28822
0.0,0.0,0.0031,0.999919,0.0127497,0.0,0.0,0.0,0.0,0.0,0.0,0.0,0.0,-0.26505000000000006,0.20035589999999998,-0.00954,0.0,-0.152,0.45393020000000006,0.0,-0.3146400000000001,-0.3184204,0.0,-0.46654819999999997,0.3679282,-0.37,1.8576074999999999,1.01923195,0.15725709999999998,0.17365600000000003,-0.68070618,0.78,-0.6246,0.19371,0.0087015,1.17039,0.23562,0.89547,1.3432,1.46103,0.010472,0.73837,1.16254,1.33535,-0.154462,0.14139,1.571,1.24109,-0.2618,0.447735,0.59698,-0.513225,0.13251059999999998,-0.1331307,0.0,-0.0164616,0.3175608,0.36915,-0.19193040000000003,-0.36772459999999996,0.068894,-0.5278094,1.1017423,-0.436885,1.8024471,1.2201569,-0.40846,-0.1745,-0.7854,-0.5,-0.78,0.04365,-0.4363,1.17039,-0.180642,0.6284,1.24894,1.04472,0.023562,0.73837,1.24894,1.13112,0.15708,0.43988,1.50816,0.809065,0.22253,0.651965,1.28822
0.0,0.0,0.0031,0.999919,0.0127497,0.0,0.0,0.0,0.0,0.0,0.0,0.0,0.0,-0.2697,0.19865460000000001,-0.00954,0.0,-0.152,0.45693880000000003,0.0,-0.32016,-0.31829759999999996,0.0,-0.4618358,0.3688708,-0.37,1.8631049999999998,1.0205933,0.1561574,0.17976399999999998,-0.68314092,0.78,-0.6246,0.19371,0.0087015,1.17039,0.23562,0.89547,1.3432,1.46103,0.010472,0.73837,1.16254,1.33535,-0.154462,0.14139,1.571,1.24109,-0.2618,0.447735,0.59698,-0.5169,0.1319064,-0.13136580000000003,0.0,-0.0167504,0.3173152,0.36846,-0.1952976,-0.3663124,0.06923599999999999,-0.5262386,1.1031562,-0.43669,1.8092274,1.2218586,-0.40846,-0.1745,-0.7854,-0.5,-0.78,0.04365,-0.4363,1.17039,-0.180642,0.6284,1.24894,1.04472,0.023562,0.73837,1.24894,1.13112,0.15708,0.43988,1.50816,0.809065,0.22253,0.651965,1.28822
0.0,0.0,0.0031,0.999919,0.0127497,0.0,0.0,0.0,0.0,0.0,0.0,0.0,0.0,-0.27435,0.1969533,-0.00954,0.0,-0.152,0.4599474,0.0,-0.32568,-0.3181748,0.0,-0.4571234,0.36981339999999996,-0.37,1.8686024999999997,1.0219546499999999,0.15505770000000002,0.18587199999999998,-0.68557566,0.78,-0.6246,0.19371,0.0087015,1.17039,0.23562,0.89547,1.3432,1.46103,0.010472,0.73837,1.16254,1.33535,-0.154462,0.14139,1.571,1.24109,-0.2618,0.447735,0.59698,-0.520575,0.13130219999999998,-0.12960090000000002,0.0,-0.017039199999999997,0.3170696,0.36777,-0.1986648,-0.3649002,0.069578,-0.5246678,1.1045700999999999,-0.436495,1.8160077,1.2235603,-0.40846,-0.1745,-0.7854,-0.5,-0.78,0.04365,-0.4363,1.17039,-0.180642,0.6284,1.24894,1.04472,0.023562,0.73837,1.24894,1.13112,0.15708,0.43988,1.50816,0.809065,0.22253,0.651965,1.28822
0.0,0.0,0.0031,0.999919,0.0127497,0.0,0.0,0.0,0.0,0.0,0.0,0.0,0.0,-0.279,0.19525199999999998,-0.00954,0.0,-0.152,0.46295600000000003,0.0,-0.3312,-0.318052,0.0,-0.452411,0.370756,-0.37,1.8740999999999999,1.023316,0.15395799999999998,0.19197999999999998,-0.6880104,0.78,-0.6246,0.19371,0.0087015,1.17039,0.23562,0.89547,1.3432,1.46103,0.010472,0.73837,1.16254,1.33535,-0.154462,0.14139,1.571,1.24109,-0.2618,0.447735,0.59698,-0.52425,0.13069799999999998,-0.127836,0.0,-0.017328,0.316824,0.36708,-0.20203200000000002,-0.36348800000000003,0.06992,-0.523097,1.1059839999999999,-0.4363,1.8227879999999999,1.225262,-0.40846,-0.1745,-0.7854,-0.5,-0.78,0.04365,-0.4363,1.17039,-0.180642,0.6284,1.24894,1.04472,0.023562,0.73837,1.24894,1.13112,0.15708,0.43988,1.50816,0.809065,0.22253,0.651965,1.28822
0.0,0.0,0.0031,0.999919,0.0127497,0.0,0.0,0.0,0.0,0.0,0.0,0.0,0.0,-0.28365,0.19355070000000002,-0.00954,0.0,-0.152,0.46596460000000006,0.0,-0.33672,-0.31792919999999997,0.0,-0.4476986,0.3716986,-0.37,1.8795974999999998,1.02467735,0.1528583,0.198088,-0.69044514,0.78,-0.6246,0.19371,0.0087015,1.17039,0.23562,0.89547,1.3432,1.46103,0.010472,0.73837,1.16254,1.33535,-0.154462,0.14139,1.571,1.24109,-0.2618,0.447735,0.59698,-0.527925,0.13009379999999998,-0.1260711,0.0,-0.0176168,0.3165784,0.36639,-0.2053992,-0.3620758,0.07026199999999999,-0.5215262,1.1073979,-0.436105,1.8295682999999998,1.2269637,-0.40846,-0.1745,-0.7854,-0.5,-0.78,0.04365,-0.4363,1.17039,-0.180642,0.6284,1.24894,1.04472,0.023562,0.73837,1.24894,1.13112,0.15708,0.43988,1.50816,0.809065,0.22253,0.651965,1.28822
0.0,0.0,0.0031,0.999919,0.0127497,0.0,0.0,0.0,0.0,0.0,0.0,0.0,0.0,-0.2883,0.1918494,-0.00954,0.0,-0.152,0.46897320000000003,0.0,-0.34224000000000004,-0.3178064,0.0,-0.4429862,0.3726412,-0.37,1.8850949999999997,1.0260387,0.1517586,0.204196,-0.69287988,0.78,-0.6246,0.19371,0.0087015,1.17039,0.23562,0.89547,1.3432,1.46103,0.010472,0.73837,1.16254,1.33535,-0.154462,0.14139,1.571,1.24109,-0.2618,0.447735,0.59698,-0.5316000000000001,0.12948959999999998,-0.1243062,0.0,-0.0179056,0.3163328,0.3657,-0.20876640000000002,-0.3606636,0.070604,-0.5199554,1.1088118,-0.43591,1.8363486,1.2286654000000001,-0.40846,-0.1745,-0.7854,-0.5,-0.78,0.04365,-0.4363,1.17039,-0.180642,0.6284,1.24894,1.04472,0.023562,0.73837,1.24894,1.13112,0.15708,0.43988,1.50816,0.809065,0.22253,0.651965,1.28822
0.0,0.0,0.0031,0.999919,0.0127497,0.0,0.0,0.0,0.0,0.0,0.0,0.0,0.0,-0.29295000000000004,0.1901481,-0.00954,0.0,-0.152,0.4719818,0.0,-0.34776,-0.31768359999999995,0.0,-0.4382738,0.37358379999999997,-0.37,1.8905925,1.02740005,0.15065889999999998,0.21030400000000005,-0.69531462,0.78,-0.6246,0.19371,0.0087015,1.17039,0.23562,0.89547,1.3432,1.46103,0.010472,0.73837,1.16254,1.33535,-0.154462,0.14139,1.571,1.24109,-0.2618,0.447735,0.59698,-0.5352750000000001,0.12888539999999998,-0.1225413,0.0,-0.0181944,0.3160872,0.36501,-0.2121336,-0.3592514,0.070946,-0.5183846,1.1102257,-0.435715,1.8431289,1.2303671,-0.40846,-0.1745,-0.7854,-0.5,-0.78,0.04365,-0.4363,1.17039,-0.180642,0.6284,1.24894,1.04472,0.023562,0.73837,1.24894,1.13112,0.15708,0.43988,1.50816,0.809065,0.22253,0.651965,1.28822
0.0,0.0,0.0031,0.999919,0.0127497,0.0,0.0,0.0,0.0,0.0,0.0,0.0,0.0,-0.29760000000000003,0.1884468,-0.00954,0.0,-0.152,0.47499040000000003,0.0,-0.35328000000000004,-0.3175608,0.0,-0.4335614,0.3745264,-0.37,1.8960899999999998,1.0287614,0.1495592,0.21641200000000005,-0.69774936,0.78,-0.6246,0.19371,0.0087015,1.17039,0.23562,0.89547,1.3432,1.46103,0.010472,0.73837,1.16254,1.33535,-0.154462,0.14139,1.571,1.24109,-0.2618,0.447735,0.59698,-0.53895,0.12828119999999998,-0.1207764,0.0,-0.0184832,0.3158416,0.36432,-0.21550080000000002,-0.3578392,0.07128799999999999,-0.5168138,1.1116396,-0.43552,1.8499092,1.2320688,-0.40846,-0.1745,-0.7854,-0.5,-0.78,0.04365,-0.4363,1.17039,-0.180642,0.6284,1.24894,1.04472,0.023562,0.73837,1.24894,1.13112,0.15708,0.43988,1.50816,0.809065,0.22253,0.651965,1.28822
0.0,0.0,0.0031,0.999919,0.0127497,0.0,0.0,0.0,0.0,0.0,0.0,0.0,0.0,-0.30225,0.1867455,-0.00954,0.0,-0.152,0.47799900000000006,0.0,-0.35880000000000006,-0.317438,0.0,-0.428849,0.375469,-0.37,1.9015874999999998,1.0301227499999999,0.1484595,0.22252000000000005,-0.7001841,0.78,-0.6246,0.19371,0.0087015,1.17039,0.23562,0.89547,1.3432,1.46103,0.010472,0.73837,1.16254,1.33535,-0.154462,0.14139,1.571,1.24109,-0.2618,0.447735,0.59698,-0.542625,0.12767699999999998,-0.1190115,0.0,-0.018772,0.315596,0.36363,-0.218868,-0.356427,0.07163,-0.515243,1.1130535,-0.435325,1.8566894999999999,1.2337705,-0.40846,-0.1745,-0.7854,-0.5,-0.78,0.04365,-0.4363,1.17039,-0.180642,0.6284,1.24894,1.04472,0.023562,0.73837,1.24894,1.13112,0.15708,0.43988,1.50816,0.809065,0.22253,0.651965,1.28822
0.0,0.0,0.0031,0.999919,0.0127497,0.0,0.0,0.0,0.0,0.0,0.0,0.0,0.0,-0.3069,0.1850442,-0.00954,0.0,-0.152,0.48100760000000004,0.0,-0.36432000000000003,-0.31731519999999996,0.0,-0.4241366,0.3764116,-0.37,1.907085,1.0314841,0.14735979999999999,0.22862800000000005,-0.70261884,0.78,-0.6246,0.19371,0.0087015,1.17039,0.23562,0.89547,1.3432,1.46103,0.010472,0.73837,1.16254,1.33535,-0.154462,0.14139,1.571,1.24109,-0.2618,0.447735,0.59698,-0.5463,0.12707279999999999,-0.1172466,0.0,-0.0190608,0.31535040000000003,0.36294,-0.22223520000000002,-0.35501479999999996,0.071972,-0.5136722,1.1144673999999999,-0.43513,1.8634697999999998,1.2354722,-0.40846,-0.1745,-0.7854,-0.5,-0.78,0.04365,-0.4363,1.17039,-0.180642,0.6284,1.24894,1.04472,0.023562,0.73837,1.24894,1.13112,0.15708,0.43988,1.50816,0.809065,0.22253,0.651965,1.28822
0.0,0.0,0.0031,0.999919,0.0127497,0.0,0.0,0.0,0.0,0.0,0.0,0.0,0.0,-0.31155000000000005,0.18334289999999998,-0.00954,0.0,-0.152,0.4840162,0.0,-0.36984000000000006,-0.3171924,0.0,-0.41942419999999997,0.3773542,-0.37,1.9125824999999999,1.03284545,0.1462601,0.23473600000000006,-0.70505358,0.78,-0.6246,0.19371,0.0087015,1.17039,0.23562,0.89547,1.3432,1.46103,0.010472,0.73837,1.16254,1.33535,-0.154462,0.14139,1.571,1.24109,-0.2618,0.447735,0.59698,-0.549975,0.1264686,-0.11548169999999999,0.0,-0.0193496,0.3151048,0.36225,-0.22560240000000004,-0.3536026,0.07231399999999999,-0.5121013999999999,1.1158812999999999,-0.434935,1.8702500999999998,1.2371739000000002,-0.40846,-0.1745,-0.7854,-0.5,-0.78,0.04365,-0.4363,1.17039,-0.180642,0.6284,1.24894,1.04472,0.023562,0.73837,1.24894,1.13112,0.15708,0.43988,1.50816,0.809065,0.22253,0.651965,1.28822
0.0,0.0,0.0031,0.999919,0.0127497,0.0,0.0,0.0,0.0,0.0,0.0,0.0,0.0,-0.31620000000000004,0.1816416,-0.00954,0.0,-0.152,0.48702480000000004,0.0,-0.3753600000000001,-0.31706959999999995,0.0,-0.41471179999999996,0.3782968,-0.37,1.9180799999999998,1.0342068,0.1451604,0.24084400000000006,-0.70748832,0.78,-0.6246,0.19371,0.0087015,1.17039,0.23562,0.89547,1.3432,1.46103,0.010472,0.73837,1.16254,1.33535,-0.154462,0.14139,1.571,1.24109,-0.2618,0.447735,0.59698,-0.55365,0.1258644,-0.11371679999999999,0.0,-0.0196384,0.3148592,0.36156,-0.22896960000000002,-0.3521904,0.072656,-0.5105306,1.1172952,-0.43474,1.8770304,1.2388756,-0.40846,-0.1745,-0.7854,-0.5,-0.78,0.04365,-0.4363,1.17039,-0.180642,0.6284,1.24894,1.04472,0.023562,0.73837,1.24894,1.13112,0.15708,0.43988,1.50816,0.809065,0.22253,0.651965,1.28822
0.0,0.0,0.0031,0.999919,0.0127497,0.0,0.0,0.0,0.0,0.0,0.0,0.0,0.0,-0.32085,0.1799403,-0.00954,0.0,-0.152,0.49003340000000006,0.0,-0.38088000000000005,-0.3169468,0.0,-0.40999939999999996,0.3792394,-0.37,1.9235775,1.03556815,0.14406069999999999,0.24695200000000006,-0.70992306,0.78,-0.6246,0.19371,0.0087015,1.17039,0.23562,0.89547,1.3432,1.46103,0.010472,0.73837,1.16254,1.33535,-0.154462,0.14139,1.571,1.24109,-0.2618,0.447735,0.59698,-0.5573250000000001,0.1252602,-0.1119519,0.0,-0.019927200000000003,0.3146136,0.36087,-0.23233680000000004,-0.3507782,0.072998,-0.5089598,1.1187091,-0.434545,1.8838107,1.2405773,-0.40846,-0.1745,-0.7854,-0.5,-0.78,0.04365,-0.4363,1.17039,-0.180642,0.6284,1.24894,1.04472,0.023562,0.73837,1.24894,1.13112,0.15708,0.43988,1.50816,0.809065,0.22253,0.651965,1.28822
0.0,0.0,0.0031,0.999919,0.0127497,0.0,0.0,0.0,0.0,0.0,0.0,0.0,0.0,-0.32550000000000007,0.17823899999999998,-0.00954,0.0,-0.152,0.4930420000000001,0.0,-0.3864000000000001,-0.316824,0.0,-0.40528699999999995,0.380182,-0.37,1.9290749999999999,1.0369294999999998,0.142961,0.25306000000000006,-0.7123578,0.78,-0.6246,0.19371,0.0087015,1.17039,0.23562,0.89547,1.3432,1.46103,0.010472,0.73837,1.16254,1.33535,-0.154462,0.14139,1.571,1.24109,-0.2618,0.447735,0.59698,-0.561,0.12465599999999999,-0.110187,0.0,-0.020216,0.314368,0.36018,-0.23570400000000002,-0.349366,0.07334,-0.507389,1.120123,-0.43435,1.890591,1.2422790000000001,-0.40846,-0.1745,-0.7854,-0.5,-0.78,0.04365,-0.4363,1.17039,-0.180642,0.6284,1.24894,1.04472,0.023562,0.73837,1.24894,1.13112,0.15708,0.43988,1.50816,0.809065,0.22253,0.651965,1.28822
0.0,0.0,0.0031,0.999919,0.0127497,0.0,0.0,0.0,0.0,0.0,0.0,0.0,0.0,-0.33015,0.17653770000000002,-0.00954,0.0,-0.152,0.4960506,0.0,-0.39192,-0.31670119999999996,0.0,-0.4005746,0.3811246,-0.37,1.9345724999999998,1.0382908499999999,0.1418613,0.259168,-0.7147925399999999,0.78,-0.6246,0.19371,0.0087015,1.17039,0.23562,0.89547,1.3432,1.46103,0.010472,0.73837,1.16254,1.33535,-0.154462,0.14139,1.571,1.24109,-0.2618,0.447735,0.59698,-0.564675,0.12405179999999999,-0.10842210000000002,0.0,-0.0205048,0.3141224,0.35949000000000003,-0.2390712,-0.3479538,0.073682,-0.5058182,1.1215369,-0.434155,1.8973712999999999,1.2439807,-0.40846,-0.1745,-0.7854,-0.5,-0.78,0.04365,-0.4363,1.17039,-0.180642,0.6284,1.24894,1.04472,0.023562,0.73837,1.24894,1.13112,0.15708,0.43988,1.50816,0.809065,0.22253,0.651965,1.28822
0.0,0.0,0.0031,0.999919,0.0127497,0.0,0.0,0.0,0.0,0.0,0.0,0.0,0.0,-0.3348,0.1748364,-0.00954,0.0,-0.152,0.49905920000000004,0.0,-0.39744,-0.3165784,0.0,-0.3958622,0.3820672,-0.37,1.94007,1.0396522,0.1407616,0.265276,-0.71722728,0.78,-0.6246,0.19371,0.0087015,1.17039,0.23562,0.89547,1.3432,1.46103,0.010472,0.73837,1.16254,1.33535,-0.154462,0.14139,1.571,1.24109,-0.2618,0.447735,0.59698,-0.56835,0.12344759999999999,-0.10665720000000001,0.0,-0.0207936,0.3138768,0.3588,-0.2424384,-0.3465416,0.07402399999999999,-0.5042474,1.1229508,-0.43396,1.9041515999999998,1.2456824,-0.40846,-0.1745,-0.7854,-0.5,-0.78,0.04365,-0.4363,1.17039,-0.180642,0.6284,1.24894,1.04472,0.023562,0.73837,1.24894,1.13112,0.15708,0.43988,1.50816,0.809065,0.22253,0.651965,1.28822
0.0,0.0,0.0031,0.999919,0.0127497,0.0,0.0,0.0,0.0,0.0,0.0,0.0,0.0,-0.33945000000000003,0.1731351,-0.00954,0.0,-0.152,0.5020678000000001,0.0,-0.40296000000000004,-0.3164556,0.0,-0.3911498,0.38300979999999996,-0.37,1.9455675,1.04101355,0.1396619,0.271384,-0.71966202,0.78,-0.6246,0.19371,0.0087015,1.17039,0.23562,0.89547,1.3432,1.46103,0.010472,0.73837,1.16254,1.33535,-0.154462,0.14139,1.571,1.24109,-0.2618,0.447735,0.59698,-0.572025,0.12284339999999999,-0.10489230000000002,0.0,-0.021082399999999998,0.3136312,0.35811,-0.2458056,-0.34512940000000003,0.07436599999999999,-0.5026766,1.1243646999999999,-0.433765,1.9109318999999998,1.2473841,-0.40846,-0.1745,-0.7854,-0.5,-0.78,0.04365,-0.4363,1.17039,-0.180642,0.6284,1.24894,1.04472,0.023562,0.73837,1.24894,1.13112,0.15708,0.43988,1.50816,0.809065,0.22253,0.651965,1.28822
0.0,0.0,0.0031,0.999919,0.0127497,0.0,0.0,0.0,0.0,0.0,0.0,0.0,0.0,-0.3441,0.1714338,-0.00954,0.0,-0.152,0.5050764000000001,0.0,-0.40848,-0.31633279999999997,0.0,-0.3864374,0.38395239999999997,-0.37,1.9510649999999998,1.0423749,0.1385622,0.277492,-0.72209676,0.78,-0.6246,0.19371,0.0087015,1.17039,0.23562,0.89547,1.3432,1.46103,0.010472,0.73837,1.16254,1.33535,-0.154462,0.14139,1.571,1.24109,-0.2618,0.447735,0.59698,-0.5757,0.12223919999999999,-0.10312740000000001,0.0,-0.0213712,0.3133856,0.35742,-0.2491728,-0.3437172,0.074708,-0.5011057999999999,1.1257785999999999,-0.43357,1.9177122,1.2490858,-0.40846,-0.1745,-0.7854,-0.5,-0.78,0.04365,-0.4363,1.17039,-0.180642,0.6284,1.24894,1.04472,0.023562,0.73837,1.24894,1.13112,0.15708,0.43988,1.50816,0.809065,0.22253,0.651965,1.28822
0.0,0.0,0.0031,0.999919,0.0127497,0.0,0.0,0.0,0.0,0.0,0.0,0.0,0.0,-0.34875,0.1697325,-0.00954,0.0,-0.152,0.508085,0.0,-0.41400000000000003,-0.31621,0.0,-0.381725,0.384895,-0.37,1.9565625,1.0437362499999998,0.1374625,0.2836,-0.7245315,0.78,-0.6246,0.19371,0.0087015,1.17039,0.23562,0.89547,1.3432,1.46103,0.010472,0.73837,1.16254,1.33535,-0.154462,0.14139,1.571,1.24109,-0.2618,0.447735,0.59698,-0.579375,0.121635,-0.10136250000000002,0.0,-0.02166,0.31314,0.35673,-0.25254,-0.34230499999999997,0.07504999999999999,-0.499535,1.1271925,-0.433375,1.9244925,1.2507875,-0.40846,-0.1745,-0.7854,-0.5,-0.78,0.04365,-0.4363,1.17039,-0.180642,0.6284,1.24894,1.04472,0.023562,0.73837,1.24894,1.13112,0.15708,0.43988,1.50816,0.809065,0.22253,0.651965,1.28822
0.0,0.0,0.0031,0.999919,0.0127497,0.0,0.0,0.0,0.0,0.0,0.0,0.0,0.0,-0.35340000000000005,0.1680312,-0.00954,0.0,-0.152,0.5110936,0.0,-0.41952000000000006,-0.31608719999999996,0.0,-0.37701260000000003,0.3858376,-0.37,1.96206,1.0450975999999998,0.1363628,0.289708,-0.72696624,0.78,-0.6246,0.19371,0.0087015,1.17039,0.23562,0.89547,1.3432,1.46103,0.010472,0.73837,1.16254,1.33535,-0.154462,0.14139,1.571,1.24109,-0.2618,0.447735,0.59698,-0.5830500000000001,0.1210308,-0.09959760000000001,0.0,-0.0219488,0.3128944,0.35604,-0.2559072,-0.3408928,0.07539199999999999,-0.49796419999999997,1.1286064,-0.43318,1.9312728,1.2524892,-0.40846,-0.1745,-0.7854,-0.5,-0.78,0.04365,-0.4363,1.17039,-0.180642,0.6284,1.24894,1.04472,0.023562,0.73837,1.24894,1.13112,0.15708,0.43988,1.50816,0.809065,0.22253,0.651965,1.28822
0.0,0.0,0.0031,0.999919,0.0127497,0.0,0.0,0.0,0.0,0.0,0.0,0.0,0.0,-0.35805000000000003,0.1663299,-0.00954,0.0,-0.152,0.5141022000000001,0.0,-0.42504000000000003,-0.3159644,0.0,-0.3723002,0.3867802,-0.37,1.9675574999999998,1.0464589499999999,0.1352631,0.295816,-0.72940098,0.78,-0.6246,0.19371,0.0087015,1.17039,0.23562,0.89547,1.3432,1.46103,0.010472,0.73837,1.16254,1.33535,-0.154462,0.14139,1.571,1.24109,-0.2618,0.447735,0.59698,-0.5867249999999999,0.1204266,-0.0978327,0.0,-0.0222376,0.3126488,0.35535,-0.2592744,-0.3394806,0.075734,-0.4963934,1.1300203,-0.432985,1.9380530999999999,1.2541909,-0.40846,-0.1745,-0.7854,-0.5,-0.78,0.04365,-0.4363,1.17039,-0.180642,0.6284,1.24894,1.04472,0.023562,0.73837,1.24894,1.13112,0.15708,0.43988,1.50816,0.809065,0.22253,0.651965,1.28822
0.0,0.0,0.0031,0.999919,0.0127497,0.0,0.0,0.0,0.0,0.0,0.0,0.0,0.0,-0.3627,0.16462859999999999,-0.00954,0.0,-0.152,0.5171108,0.0,-0.43056000000000005,-0.3158416,0.0,-0.3675878,0.3877228,-0.37,1.973055,1.0478203,0.1341634,0.301924,-0.73183572,0.78,-0.6246,0.19371,0.0087015,1.17039,0.23562,0.89547,1.3432,1.46103,0.010472,0.73837,1.16254,1.33535,-0.154462,0.14139,1.571,1.24109,-0.2618,0.447735,0.59698,-0.5904,0.1198224,-0.09606780000000001,0.0,-0.022526400000000002,0.3124032,0.35466,-0.26264160000000003,-0.3380684,0.07607599999999999,-0.4948226,1.1314342,-0.43279,1.9448333999999998,1.2558926000000001,-0.40846,-0.1745,-0.7854,-0.5,-0.78,0.04365,-0.4363,1.17039,-0.180642,0.6284,1.24894,1.04472,0.023562,0.73837,1.24894,1.13112,0.15708,0.43988,1.50816,0.809065,0.22253,0.651965,1.28822
0.0,0.0,0.0031,0.999919,0.0127497,0.0,0.0,0.0,0.0,0.0,0.0,0.0,0.0,-0.36735,0.1629273,-0.00954,0.0,-0.152,0.5201194,0.0,-0.4360800000000001,-0.31571879999999997,0.0,-0.3628754,0.3886654,-0.37,1.9785525,1.04918165,0.1330637,0.30803200000000003,-0.7342704600000001,0.78,-0.6246,0.19371,0.0087015,1.17039,0.23562,0.89547,1.3432,1.46103,0.010472,0.73837,1.16254,1.33535,-0.154462,0.14139,1.571,1.24109,-0.2618,0.447735,0.59698,-0.594075,0.1192182,-0.0943029,0.0,-0.0228152,0.3121576,0.35397,-0.26600880000000005,-0.33665619999999996,0.076418,-0.4932518,1.1328481,-0.432595,1.9516136999999998,1.2575943,-0.40846,-0.1745,-0.7854,-0.5,-0.78,0.04365,-0.4363,1.17039,-0.180642,0.6284,1.24894,1.04472,0.023562,0.73837,1.24894,1.13112,0.15708,0.43988,1.50816,0.809065,0.22253,0.651965,1.28822
0.0,0.0,0.0031,0.999919,0.0127497,0.0,0.0,0.0,0.0,0.0,0.0,0.0,0.0,-0.37200000000000005,0.161226,-0.00954,0.0,-0.152,0.523128,0.0,-0.44160000000000005,-0.315596,0.0,-0.358163,0.389608,-0.37,1.9840499999999999,1.050543,0.131964,0.31414000000000003,-0.7367052000000001,0.78,-0.6246,0.19371,0.0087015,1.17039,0.23562,0.89547,1.3432,1.46103,0.010472,0.73837,1.16254,1.33535,-0.154462,0.14139,1.571,1.24109,-0.2618,0.447735,0.59698,-0.59775,0.118614,-0.09253800000000001,0.0,-0.023104,0.311912,0.35328,-0.269376,-0.335244,0.07676,-0.491681,1.1342619999999999,-0.4324,1.9583939999999997,1.259296,-0.40846,-0.1745,-0.7854,-0.5,-0.78,0.04365,-0.4363,1.17039,-0.180642,0.6284,1.24894,1.04472,0.023562,0.73837,1.24894,1.13112,0.15708,0.43988,1.50816,0.809065,0.22253,0.651965,1.28822
0.0,0.0,0.0031,0.999919,0.0127497,0.0,0.0,0.0,0.0,0.0,0.0,0.0,0.0,-0.37665000000000004,0.1595247,-0.00954,0.0,-0.152,0.5261366000000001,0.0,-0.4471200000000001,-0.31547319999999995,0.0,-0.3534506,0.39055059999999997,-0.37,1.9895475,1.0519043499999998,0.1308643,0.32024800000000003,-0.73913994,0.78,-0.6246,0.19371,0.0087015,1.17039,0.23562,0.89547,1.3432,1.46103,0.010472,0.73837,1.16254,1.33535,-0.154462,0.14139,1.571,1.24109,-0.2618,0.447735,0.59698,-0.6014250000000001,0.1180098,-0.0907731,0.0,-0.023392800000000002,0.3116664,0.35259,-0.2727432,-0.3338318,0.077102,-0.49011019999999994,1.1356758999999998,-0.432205,1.9651743,1.2609977,-0.40846,-0.1745,-0.7854,-0.5,-0.78,0.04365,-0.4363,1.17039,-0.180642,0.6284,1.24894,1.04472,0.023562,0.73837,1.24894,1.13112,0.15708,0.43988,1.50816,0.809065,0.22253,0.651965,1.28822
0.0,0.0,0.0031,0.999919,0.0127497,0.0,0.0,0.0,0.0,0.0,0.0,0.0,0.0,-0.38130000000000003,0.1578234,-0.00954,0.0,-0.152,0.5291452000000001,0.0,-0.4526400000000001,-0.3153504,0.0,-0.3487382,0.3914932,-0.37,1.995045,1.0532656999999999,0.1297646,0.3263560000000001,-0.74157468,0.78,-0.6246,0.19371,0.0087015,1.17039,0.23562,0.89547,1.3432,1.46103,0.010472,0.73837,1.16254,1.33535,-0.154462,0.14139,1.571,1.24109,-0.2618,0.447735,0.59698,-0.6051,0.1174056,-0.08900820000000001,0.0,-0.0236816,0.3114208,0.3519,-0.27611040000000003,-0.3324196,0.077444,-0.48853939999999996,1.1370898,-0.43201,1.9719546,1.2626994,-0.40846,-0.1745,-0.7854,-0.5,-0.78,0.04365,-0.4363,1.17039,-0.180642,0.6284,1.24894,1.04472,0.023562,0.73837,1.24894,1.13112,0.15708,0.43988,1.50816,0.809065,0.22253,0.651965,1.28822
0.0,0.0,0.0031,0.999919,0.0127497,0.0,0.0,0.0,0.0,0.0,0.0,0.0,0.0,-0.38595000000000007,0.15612209999999999,-0.00954,0.0,-0.152,0.5321538000000001,0.0,-0.45816000000000007,-0.3152276,0.0,-0.3440258,0.3924358,-0.37,2.0005425,1.05462705,0.12866489999999997,0.3324640000000001,-0.74400942,0.78,-0.6246,0.19371,0.0087015,1.17039,0.23562,0.89547,1.3432,1.46103,0.010472,0.73837,1.16254,1.33535,-0.154462,0.14139,1.571,1.24109,-0.2618,0.447735,0.59698,-0.6087750000000001,0.1168014,-0.0872433,0.0,-0.023970400000000003,0.3111752,0.35121,-0.27947760000000005,-0.3310074,0.077786,-0.4869686,1.1385037,-0.431815,1.9787349,1.2644011000000002,-0.40846,-0.1745,-0.7854,-0.5,-0.78,0.04365,-0.4363,1.17039,-0.180642,0.6284,1.24894,1.04472,0.023562,0.73837,1.24894,1.13112,0.15708,0.43988,1.50816,0.809065,0.22253,0.651965,1.28822
0.0,0.0,0.0031,0.999919,0.0127497,0.0,0.0,0.0,0.0,0.0,0.0,0.0,0.0,-0.3906,0.1544208,-0.00954,0.0,-0.152,0.5351624,0.0,-0.46368000000000004,-0.31510479999999996,0.0,-0.33931340000000004,0.3933784,-0.37,2.0060399999999996,1.0559884,0.1275652,0.338572,-0.74644416,0.78,-0.6246,0.19371,0.0087015,1.17039,0.23562,0.89547,1.3432,1.46103,0.010472,0.73837,1.16254,1.33535,-0.154462,0.14139,1.571,1.24109,-0.2618,0.447735,0.59698,-0.6124499999999999,0.1161972,-0.08547840000000001,0.0,-0.024259199999999998,0.31092960000000003,0.35052,-0.2828448,-0.3295952,0.07812799999999999,-0.4853978,1.1399176,-0.43162,1.9855151999999998,1.2661028,-0.40846,-0.1745,-0.7854,-0.5,-0.78,0.04365,-0.4363,1.17039,-0.180642,0.6284,1.24894,1.04472,0.023562,0.73837,1.24894,1.13112,0.15708,0.43988,1.50816,0.809065,0.22253,0.651965,1.28822
0.0,0.0,0.0031,0.999919,0.0127497,0.0,0.0,0.0,0.0,0.0,0.0,0.0,0.0,-0.39525,0.1527195,-0.00954,0.0,-0.152,0.538171,0.0,-0.4692,-0.314982,0.0,-0.33460100000000004,0.394321,-0.37,2.0115374999999998,1.05734975,0.1264655,0.34468,-0.7488789,0.78,-0.6246,0.19371,0.0087015,1.17039,0.23562,0.89547,1.3432,1.46103,0.010472,0.73837,1.16254,1.33535,-0.154462,0.14139,1.571,1.24109,-0.2618,0.447735,0.59698,-0.616125,0.115593,-0.08371350000000002,0.0,-0.024548,0.310684,0.34983000000000003,-0.286212,-0.328183,0.07847,-0.483827,1.1413315,-0.431425,1.9922955,1.2678045,-0.40846,-0.1745,-0.7854,-0.5,-0.78,0.04365,-0.4363,1.17039,-0.180642,0.6284,1.24894,1.04472,0.023562,0.73837,1.24894,1.13112,0.15708,0.43988,1.50816,0.809065,0.22253,0.651965,1.28822
0.0,0.0,0.0031,0.999919,0.0127497,0.0,0.0,0.0,0.0,0.0,0.0,0.0,0.0,-0.39990000000000003,0.15101820000000002,-0.00954,0.0,-0.152,0.5411796,0.0,-0.47472000000000003,-0.31485919999999995,0.0,-0.32988860000000003,0.3952636,-0.37,2.017035,1.0587111,0.1253658,0.350788,-0.75131364,0.78,-0.6246,0.19371,0.0087015,1.17039,0.23562,0.89547,1.3432,1.46103,0.010472,0.73837,1.16254,1.33535,-0.154462,0.14139,1.571,1.24109,-0.2618,0.447735,0.59698,-0.6198,0.1149888,-0.08194860000000001,0.0,-0.0248368,0.3104384,0.34914,-0.28957920000000004,-0.32677080000000003,0.078812,-0.4822562,1.1427454,-0.43123,1.9990758,1.2695062000000001,-0.40846,-0.1745,-0.7854,-0.5,-0.78,0.04365,-0.4363,1.17039,-0.180642,0.6284,1.24894,1.04472,0.023562,0.73837,1.24894,1.13112,0.15708,0.43988,1.50816,0.809065,0.22253,0.651965,1.28822
0.0,0.0,0.0031,0.999919,0.0127497,0.0,0.0,0.0,0.0,0.0,0.0,0.0,0.0,-0.40455,0.1493169,-0.00954,0.0,-0.152,0.5441882,0.0,-0.48024000000000006,-0.31473639999999997,0.0,-0.3251762,0.3962062,-0.37,2.0225324999999996,1.0600724499999998,0.1242661,0.356896,-0.75374838,0.78,-0.6246,0.19371,0.0087015,1.17039,0.23562,0.89547,1.3432,1.46103,0.010472,0.73837,1.16254,1.33535,-0.154462,0.14139,1.571,1.24109,-0.2618,0.447735,0.59698,-0.623475,0.1143846,-0.08018370000000002,0.0,-0.025125599999999998,0.3101928,0.34845,-0.2929464,-0.3253586,0.079154,-0.4806854,1.1441592999999999,-0.431035,2.0058561,1.2712079,-0.40846,-0.1745,-0.7854,-0.5,-0.78,0.04365,-0.4363,1.17039,-0.180642,0.6284,1.24894,1.04472,0.023562,0.73837,1.24894,1.13112,0.15708,0.43988,1.50816,0.809065,0.22253,0.651965,1.28822
0.0,0.0,0.0031,0.999919,0.0127497,0.0,0.0,0.0,0.0,0.0,0.0,0.0,0.0,-0.4092,0.1476156,-0.00954,0.0,-0.152,0.5471968,0.0,-0.48576,-0.3146136,0.0,-0.3204638,0.39714879999999997,-0.37,2.0280299999999998,1.0614337999999999,0.1231664,0.363004,-0.75618312,0.78,-0.6246,0.19371,0.0087015,1.17039,0.23562,0.89547,1.3432,1.46103,0.010472,0.73837,1.16254,1.33535,-0.154462,0.14139,1.571,1.24109,-0.2618,0.447735,0.59698,-0.6271500000000001,0.1137804,-0.07841880000000001,0.0,-0.0254144,0.3099472,0.34776,-0.2963136,-0.32394639999999997,0.079496,-0.47911459999999995,1.1455731999999998,-0.43084,2.0126364,1.2729096000000002,-0.40846,-0.1745,-0.7854,-0.5,-0.78,0.04365,-0.4363,1.17039,-0.180642,0.6284,1.24894,1.04472,0.023562,0.73837,1.24894,1.13112,0.15708,0.43988,1.50816,0.809065,0.22253,0.651965,1.28822
0.0,0.0,0.0031,0.999919,0.0127497,0.0,0.0,0.0,0.0,0.0,0.0,0.0,0.0,-0.41385000000000005,0.1459143,-0.00954,0.0,-0.152,0.5502054000000001,0.0,-0.49128000000000005,-0.31449079999999996,0.0,-0.3157514,0.3980914,-0.37,2.0335275,1.06279515,0.1220667,0.369112,-0.75861786,0.78,-0.6246,0.19371,0.0087015,1.17039,0.23562,0.89547,1.3432,1.46103,0.010472,0.73837,1.16254,1.33535,-0.154462,0.14139,1.571,1.24109,-0.2618,0.447735,0.59698,-0.630825,0.1131762,-0.0766539,0.0,-0.0257032,0.3097016,0.34707,-0.2996808,-0.3225342,0.07983799999999999,-0.47754379999999996,1.1469871,-0.430645,2.0194167,1.2746113000000001,-0.40846,-0.1745,-0.7854,-0.5,-0.78,0.04365,-0.4363,1.17039,-0.180642,0.6284,1.24894,1.04472,0.023562,0.73837,1.24894,1.13112,0.15708,0.43988,1.50816,0.809065,0.22253,0.651965,1.28822
0.0,0.0,0.0031,0.999919,0.0127497,0.0,0.0,0.0,0.0,0.0,0.0,0.0,0.0,-0.41850000000000004,0.144213,-0.00954,0.0,-0.152,0.5532140000000001,0.0,-0.4968000000000001,-0.314368,0.0,-0.311039,0.399034,-0.37,2.0390249999999996,1.0641565,0.12096699999999999,0.37522,-0.7610526,0.78,-0.6246,0.19371,0.0087015,1.17039,0.23562,0.89547,1.3432,1.46103,0.010472,0.73837,1.16254,1.33535,-0.154462,0.14139,1.571,1.24109,-0.2618,0.447735,0.59698,-0.6345000000000001,0.112572,-0.07488900000000001,0.0,-0.025992,0.309456,0.34638,-0.30304800000000004,-0.321122,0.08018,-0.475973,1.148401,-0.43045,2.026197,1.276313,-0.40846,-0.1745,-0.7854,-0.5,-0.78,0.04365,-0.4363,1.17039,-0.180642,0.6284,1.24894,1.04472,0.023562,0.73837,1.24894,1.13112,0.15708,0.43988,1.50816,0.809065,0.22253,0.651965,1.28822
0.0,0.0,0.0031,0.999919,0.0127497,0.0,0.0,0.0,0.0,0.0,0.0,0.0,0.0,-0.42315,0.1425117,-0.00954,0.0,-0.152,0.5562226000000001,0.0,-0.5023200000000001,-0.3142452,0.0,-0.3063266,0.3999766,-0.37,2.0445225,1.06551785,0.1198673,0.381328,-0.76348734,0.78,-0.6246,0.19371,0.0087015,1.17039,0.23562,0.89547,1.3432,1.46103,0.010472,0.73837,1.16254,1.33535,-0.154462,0.14139,1.571,1.24109,-0.2618,0.447735,0.59698,-0.638175,0.1119678,-0.0731241,0.0,-0.0262808,0.3092104,0.34569,-0.30641520000000005,-0.3197098,0.080522,-0.4744022,1.1498149,-0.430255,2.0329772999999998,1.2780147000000002,-0.40846,-0.1745,-0.7854,-0.5,-0.78,0.04365,-0.4363,1.17039,-0.180642,0.6284,1.24894,1.04472,0.023562,0.73837,1.24894,1.13112,0.15708,0.43988,1.50816,0.809065,0.22253,0.651965,1.28822
0.0,0.0,0.0031,0.999919,0.0127497,0.0,0.0,0.0,0.0,0.0,0.0,0.0,0.0,-0.4278,0.1408104,-0.00954,0.0,-0.152,0.5592312,0.0,-0.5078400000000001,-0.31412239999999997,0.0,-0.3016142,0.4009192,-0.37,2.05002,1.0668791999999998,0.11876759999999999,0.387436,-0.76592208,0.78,-0.6246,0.19371,0.0087015,1.17039,0.23562,0.89547,1.3432,1.46103,0.010472,0.73837,1.16254,1.33535,-0.154462,0.14139,1.571,1.24109,-0.2618,0.447735,0.59698,-0.64185,0.1113636,-0.07135920000000001,0.0,-0.026569600000000002,0.3089648,0.345,-0.3097824,-0.31829759999999996,0.08086399999999999,-0.4728314,1.1512288,-0.43006,2.0397575999999997,1.2797164,-0.40846,-0.1745,-0.7854,-0.5,-0.78,0.04365,-0.4363,1.17039,-0.180642,0.6284,1.24894,1.04472,0.023562,0.73837,1.24894,1.13112,0.15708,0.43988,1.50816,0.809065,0.22253,0.651965,1.28822
0.0,0.0,0.0031,0.999919,0.0127497,0.0,0.0,0.0,0.0,0.0,0.0,0.0,0.0,-0.43245000000000006,0.13910909999999999,-0.00954,0.0,-0.152,0.5622398000000001,0.0,-0.51336,-0.3139996,0.0,-0.2969018,0.4018618,-0.37,2.0555174999999997,1.0682405499999998,0.11766789999999999,0.393544,-0.7683568199999999,0.78,-0.6246,0.19371,0.0087015,1.17039,0.23562,0.89547,1.3432,1.46103,0.010472,0.73837,1.16254,1.33535,-0.154462,0.14139,1.571,1.24109,-0.2618,0.447735,0.59698,-0.645525,0.1107594,-0.0695943,0.0,-0.0268584,0.30871919999999997,0.34431,-0.31314960000000003,-0.3168854,0.081206,-0.4712606,1.1526427,-0.429865,2.0465378999999997,1.2814181,-0.40846,-0.1745,-0.7854,-0.5,-0.78,0.04365,-0.4363,1.17039,-0.180642,0.6284,1.24894,1.04472,0.023562,0.73837,1.24894,1.13112,0.15708,0.43988,1.50816,0.809065,0.22253,0.651965,1.28822
0.0,0.0,0.0031,0.999919,0.0127497,0.0,0.0,0.0,0.0,0.0,0.0,0.0,0.0,-0.43710000000000004,0.1374078,-0.00954,0.0,-0.152,0.5652484,0.0,-0.5188800000000001,-0.31387679999999996,0.0,-0.2921894,0.4028044,-0.37,2.061015,1.0696018999999999,0.1165682,0.399652,-0.77079156,0.78,-0.6246,0.19371,0.0087015,1.17039,0.23562,0.89547,1.3432,1.46103,0.010472,0.73837,1.16254,1.33535,-0.154462,0.14139,1.571,1.24109,-0.2618,0.447735,0.59698,-0.6492,0.1101552,-0.06782940000000001,0.0,-0.0271472,0.3084736,0.34362,-0.31651680000000004,-0.3154732,0.081548,-0.46968979999999994,1.1540565999999999,-0.42967,2.0533181999999996,1.2831198000000001,-0.40846,-0.1745,-0.7854,-0.5,-0.78,0.04365,-0.4363,1.17039,-0.180642,0.6284,1.24894,1.04472,0.023562,0.73837,1.24894,1.13112,0.15708,0.43988,1.50816,0.809065,0.22253,0.651965,1.28822
0.0,0.0,0.0031,0.999919,0.0127497,0.0,0.0,0.0,0.0,0.0,0.0,0.0,0.0,-0.44175000000000003,0.1357065,-0.00954,0.0,-0.152,0.568257,0.0,-0.5244000000000001,-0.313754,0.0,-0.287477,0.40374699999999997,-0.37,2.0665125,1.07096325,0.11546849999999999,0.40576,-0.7732263,0.78,-0.6246,0.19371,0.0087015,1.17039,0.23562,0.89547,1.3432,1.46103,0.010472,0.73837,1.16254,1.33535,-0.154462,0.14139,1.571,1.24109,-0.2618,0.447735,0.59698,-0.6528750000000001,0.109551,-0.0660645,0.0,-0.027436000000000002,0.308228,0.34293,-0.31988400000000006,-0.314061,0.08188999999999999,-0.46811899999999995,1.1554704999999998,-0.429475,2.0600985,1.2848215,-0.40846,-0.1745,-0.7854,-0.5,-0.78,0.04365,-0.4363,1.17039,-0.180642,0.6284,1.24894,1.04472,0.023562,0.73837,1.24894,1.13112,0.15708,0.43988,1.50816,0.809065,0.22253,0.651965,1.28822
0.0,0.0,0.0031,0.999919,0.0127497,0.0,0.0,0.0,0.0,0.0,0.0,0.0,0.0,-0.4464,0.13400520000000002,-0.00954,0.0,-0.152,0.5712656,0.0,-0.5299200000000001,-0.3136312,0.0,-0.28276460000000003,0.4046896,-0.37,2.0720099999999997,1.0723246,0.1143688,0.411868,-0.7756610399999999,0.78,-0.6246,0.19371,0.0087015,1.17039,0.23562,0.89547,1.3432,1.46103,0.010472,0.73837,1.16254,1.33535,-0.154462,0.14139,1.571,1.24109,-0.2618,0.447735,0.59698,-0.65655,0.10894680000000001,-0.06429960000000001,0.0,-0.027724799999999997,0.3079824,0.34224,-0.3232512,-0.3126488,0.082232,-0.46654819999999997,1.1568843999999998,-0.42928,2.0668787999999996,1.2865232,-0.40846,-0.1745,-0.7854,-0.5,-0.78,0.04365,-0.4363,1.17039,-0.180642,0.6284,1.24894,1.04472,0.023562,0.73837,1.24894,1.13112,0.15708,0.43988,1.50816,0.809065,0.22253,0.651965,1.28822
0.0,0.0,0.0031,0.999919,0.0127497,0.0,0.0,0.0,0.0,0.0,0.0,0.0,0.0,-0.45105,0.1323039,-0.00954,0.0,-0.152,0.5742742000000001,0.0,-0.53544,-0.31350839999999996,0.0,-0.2780522,0.4056322,-0.37,2.0775075,1.0736859499999998,0.1132691,0.417976,-0.77809578,0.78,-0.6246,0.19371,0.0087015,1.17039,0.23562,0.89547,1.3432,1.46103,0.010472,0.73837,1.16254,1.33535,-0.154462,0.14139,1.571,1.24109,-0.2618,0.447735,0.59698,-0.6602250000000001,0.10834260000000001,-0.06253470000000003,0.0,-0.0280136,0.3077368,0.34155,-0.32661840000000003,-0.3112366,0.082574,-0.4649774,1.1582983,-0.429085,2.0736591,1.2882249000000001,-0.40846,-0.1745,-0.7854,-0.5,-0.78,0.04365,-0.4363,1.17039,-0.180642,0.6284,1.24894,1.04472,0.023562,0.73837,1.24894,1.13112,0.15708,0.43988,1.50816,0.809065,0.22253,0.651965,1.28822
0.0,0.0,0.0031,0.999919,0.0127497,0.0,0.0,0.0,0.0,0.0,0.0,0.0,0.0,-0.4557,0.1306026,-0.00954,0.0,-0.152,0.5772828000000001,0.0,-0.54096,-0.3133856,0.0,-0.2733398,0.4065748,-0.37,2.083005,1.0750472999999998,0.1121694,0.424084,-0.78053052,0.78,-0.6246,0.19371,0.0087015,1.17039,0.23562,0.89547,1.3432,1.46103,0.010472,0.73837,1.16254,1.33535,-0.154462,0.14139,1.571,1.24109,-0.2618,0.447735,0.59698,-0.6638999999999999,0.1077384,-0.06076980000000001,0.0,-0.0283024,0.3074912,0.34086,-0.3299856,-0.3098244,0.08291599999999999,-0.4634066,1.1597122,-0.42889,2.0804394,1.2899266,-0.40846,-0.1745,-0.7854,-0.5,-0.78,0.04365,-0.4363,1.17039,-0.180642,0.6284,1.24894,1.04472,0.023562,0.73837,1.24894,1.13112,0.15708,0.43988,1.50816,0.809065,0.22253,0.651965,1.28822
0.0,0.0,0.0031,0.999919,0.0127497,0.0,0.0,0.0,0.0,0.0,0.0,0.0,0.0,-0.46035000000000004,0.1289013,-0.00954,0.0,-0.152,0.5802914,0.0,-0.5464800000000001,-0.31326279999999995,0.0,-0.2686274,0.4075174,-0.37,2.0885024999999997,1.0764086499999999,0.1110697,0.430192,-0.78296526,0.78,-0.6246,0.19371,0.0087015,1.17039,0.23562,0.89547,1.3432,1.46103,0.010472,0.73837,1.16254,1.33535,-0.154462,0.14139,1.571,1.24109,-0.2618,0.447735,0.59698,-0.667575,0.1071342,-0.05900490000000003,0.0,-0.0285912,0.3072456,0.34017,-0.3333528,-0.3084122,0.083258,-0.4618358,1.1611261,-0.428695,2.0872197,1.2916283000000002,-0.40846,-0.1745,-0.7854,-0.5,-0.78,0.04365,-0.4363,1.17039,-0.180642,0.6284,1.24894,1.04472,0.023562,0.73837,1.24894,1.13112,0.15708,0.43988,1.50816,0.809065,0.22253,0.651965,1.28822
0.0,0.0,0.0031,0.999919,0.0127497,0.0,0.0,0.0,0.0,0.0,0.0,0.0,0.0,-0.465,0.1272,-0.00954,0.0,-0.152,0.5833,0.0,-0.552,-0.31314,0.0,-0.263915,0.40846,-0.37,2.094,1.07777,0.10997,0.4363,-0.7854,0.78,-0.6246,0.19371,0.0087015,1.17039,0.23562,0.89547,1.3432,1.46103,0.010472,0.73837,1.16254,1.33535,-0.154462,0.14139,1.571,1.24109,-0.2618,0.447735,0.59698,-0.67125,0.10653,-0.05724000000000001,0.0,-0.02888,0.307,0.33948,-0.33672,-0.307,0.0836,-0.460265,1.16254,-0.4285,2.094,1.29333,-0.40846,-0.1745,-0.7854,-0.5,-0.78,0.04365,-0.4363,1.17039,-0.180642,0.6284,1.24894,1.04472,0.023562,0.73837,1.24894,1.13112,0.15708,0.43988,1.50816,0.809065,0.22253,0.651965,1.28822
