#{"t_start": 1756146899.6092718, "env_id": "myoHandWheelHoldFixed-v0"}
r,l,t
1938.309091,75,1.85601
1924.762139,75,2.596551
2023.826423,75,3.438386
1926.095847,75,4.2243
2020.548269,75,5.039535
1978.968026,75,5.844664
1986.401572,75,6.886161
2005.826376,75,7.907908
2049.93086,75,8.91352
1982.978897,75,9.937735
1898.191895,75,10.97469
1975.329201,75,11.991777
1985.174517,75,13.007345
2014.115666,75,14.029322
1939.974194,75,15.059956
1969.11202,75,16.07903
2034.990797,75,17.08264
2002.43906,75,18.07624
1902.669425,75,19.074098
1945.783736,75,20.136658
1952.590905,75,21.173165
1999.130696,75,22.181255
1935.332232,75,23.191285
2020.96077,75,24.192074
1911.103937,75,25.190513
1942.917781,75,26.199697
1967.470006,75,27.21394
1919.372341,75,28.237836
2021.34974,75,29.25935
2015.906886,75,30.293456
1986.550559,75,31.35327
1971.134077,75,32.407706
1993.641026,75,33.430547
2017.712935,75,34.445971
1984.958402,75,35.449091
1962.965405,75,36.507424
1986.691766,75,37.526143
1987.941036,75,38.529767
2020.87769,75,39.528712
2012.792431,75,40.525397
1941.767578,75,41.525943
1952.681777,75,42.531775
1999.80109,75,43.527786
1951.835059,75,44.531891
2002.129129,75,45.522505
1988.778406,75,46.503878
1935.67374,75,47.501484
1988.926746,75,48.502458
2035.764005,75,49.490266
1912.648326,75,50.509234
1965.815832,75,51.526585
2011.201064,75,52.539556
1901.380658,75,53.562937
1961.77833,75,54.583907
2017.555749,75,71.626373
2004.076916,75,72.638228
2036.403882,75,73.644112
1982.201768,75,74.655068
1947.613608,75,75.654302
2065.673598,75,76.660168
2007.277274,75,77.646363
1940.349818,75,78.644887
2002.169037,75,79.698998
2017.165113,75,80.742138
2030.986055,75,81.75728
2047.779443,75,82.782774
1983.118116,75,83.783334
2027.007917,75,84.780137
1981.113218,75,85.765284
2015.125756,75,86.763239
1932.113691,75,87.763351
2014.313775,75,88.788313
2019.749084,75,89.774402
1961.29232,75,90.784698
2037.255347,75,91.801873
1962.142067,75,92.838163
2003.513848,75,93.823894
1994.330734,75,94.810035
1919.736349,75,95.810391
1937.951722,75,96.816509
2007.132147,75,97.896416
2004.091678,75,98.885238
2004.115697,75,99.884777
1993.679535,75,100.93629
1992.116623,75,101.950397
1930.82552,75,102.946405
1951.758672,75,103.942169
1981.029027,75,104.952095
1918.996813,75,105.946652
2033.234189,75,106.945459
1972.357899,75,107.943454
1972.747645,75,108.952683
1974.55771,75,109.949467
1943.799716,75,110.969699
2014.359642,75,111.994439
2038.047357,75,113.045085
1986.530488,75,114.058699
1992.806443,75,115.086672
1997.002139,75,116.114118
1975.119434,75,117.130795
2030.32273,75,118.137656
1956.77915,75,119.158525
1965.91843,75,120.162892
1993.811366,75,121.192619
2003.680788,75,122.195814
2005.505619,75,123.236012
1980.67109,75,124.303864
2020.63287,75,125.315513
2001.118621,75,126.338094
2030.691583,75,140.04058
2045.782228,75,140.993361
1989.407196,75,141.949515
1964.431544,75,142.886862
2007.079089,75,143.844975
2014.05208,75,144.791655
2023.494077,75,145.736579
1987.606394,75,146.670508
2004.921455,75,147.615416
2029.784241,75,148.568609
2043.628394,75,149.531672
2052.41239,75,150.4829
2011.466804,75,151.439219
1983.542254,75,152.432529
2027.565383,75,153.385969
2042.717433,75,154.307309
2008.301959,75,155.260407
2013.857879,75,156.215116
2025.767624,75,157.172221
2045.610706,75,158.139716
2040.114797,75,159.109224
2036.482312,75,160.065233
2002.099353,75,161.020185
2041.553355,75,161.962454
2253.353327,75,163.175815
1910.558968,75,164.239173
1962.760891,75,165.192934
2026.786842,75,166.14398
1967.280217,75,167.092393
2017.888205,75,168.027789
2051.799206,75,168.968531
1991.762463,75,169.923548
1935.113228,75,170.8726
2036.034778,75,171.815431
1980.295289,75,172.762114
1984.288016,75,173.717821
2053.633614,75,174.665987
2026.061493,75,175.61882
2027.454108,75,176.567197
1991.082721,75,177.51628
2025.568543,75,178.459787
2034.981051,75,179.388832
1985.614866,75,180.353588
1989.913121,75,181.317911
1989.513914,75,182.282833
2005.720571,75,183.221807
2030.544165,75,184.174561
1960.91252,75,185.124598
1971.278303,75,186.073313
2060.260051,75,187.015823
2041.472672,75,187.955653
2010.445045,75,188.90202
2000.706968,75,189.84802
2030.655591,75,190.787786
1979.172389,75,191.750172
2056.012449,75,205.410429
1975.799518,75,206.369522
2029.106081,75,207.304985
2046.673165,75,208.253206
2022.409349,75,209.225219
2025.810062,75,210.173502
2025.247427,75,211.111234
2056.391426,75,212.064376
2033.544845,75,213.013055
2011.161357,75,213.967888
2017.439983,75,214.900874
2018.696542,75,215.872552
1969.523653,75,216.900235
2031.548985,75,217.852744
2024.185715,75,218.800183
1854.095176,75,219.752473
2056.263545,75,220.693396
2006.313091,75,221.645148
2005.192428,75,222.592582
2051.600097,75,223.539214
2028.83172,75,224.486838
2027.527914,75,225.448997
2026.420223,75,226.397899
1994.740094,75,227.352517
2061.135602,75,228.305771
2070.986574,75,229.247828
2062.387903,75,230.189087
1991.412832,75,231.141402
2021.83413,75,232.09208
2014.588904,75,233.036053
1999.383633,75,233.97476
2023.855479,75,234.926404
2025.738583,75,235.882839
1990.77547,75,236.821197
2012.589975,75,237.761073
2037.394367,75,238.711946
1955.900533,75,239.656223
2011.0213,75,240.613277
2082.257709,75,241.551297
2004.763655,75,242.507249
2031.478956,75,243.459694
1992.943897,75,244.407762
2013.212174,75,245.332787
2019.292409,75,246.266255
1969.025515,75,247.219872
2048.507607,75,248.167557
1990.373718,75,249.144689
2030.242581,75,250.11537
2054.893558,75,251.0656
2003.057673,75,252.019475
2012.833104,75,252.949753
2065.057712,75,253.904561
2035.917355,75,254.851684
1990.84828,75,255.806779
2057.167221,75,256.745506
2056.343008,75,270.517084
1969.819102,75,271.465677
2024.010154,75,272.416484
2041.642939,75,273.365909
2025.373999,75,274.318013
2046.248653,75,275.264109
2073.345535,75,276.218508
1975.422801,75,277.166392
2011.39344,75,278.11348
2076.301838,75,279.059922
2055.660026,75,280.007414
2085.2771,75,280.957379
2002.448603,75,281.909884
2042.165718,75,282.878165
2000.392107,75,283.825085
2063.184544,75,284.768527
2097.475425,75,285.723911
2044.19039,75,286.680048
2090.534937,75,287.632912
2075.212151,75,288.591618
1995.685662,75,289.566203
2052.637105,75,290.509078
1989.991645,75,291.468516
2005.96202,75,292.413033
2068.396935,75,293.386233
1973.009921,75,294.340538
2086.502296,75,295.296606
2058.939732,75,296.249077
2071.150652,75,297.196348
2064.641369,75,298.140765
2026.994745,75,299.074563
2017.689333,75,300.008536
2056.873908,75,300.959845
2048.809254,75,301.907452
2048.8762,75,302.850233
1998.258154,75,303.797314
2009.617889,75,304.746109
2016.408013,75,305.704983
2080.363027,75,306.659251
2025.979816,75,307.593082
2011.299841,75,308.546532
1967.793419,75,309.500139
2046.207686,75,310.456555
1998.063402,75,311.409775
2064.511613,75,312.362182
2031.85764,75,313.31559
2028.642584,75,314.261193
1984.928211,75,315.197218
2276.842564,75,316.41448
1994.446324,75,317.388653
2006.400041,75,318.326179
1976.169647,75,319.266934
2040.949812,75,320.205782
2033.99849,75,321.151216
2056.337246,75,322.097937
2085.946715,75,335.851702
2078.612243,75,336.808486
2045.981962,75,337.757437
2097.982563,75,338.716723
2039.105518,75,339.666272
2012.461604,75,340.616298
2076.884625,75,341.560416
2060.170184,75,342.51842
2025.916469,75,343.471219
2010.501509,75,344.421719
2087.829616,75,345.366134
2042.014644,75,346.316968
2038.348364,75,347.264016
2021.774231,75,348.203564
2013.125394,75,349.166666
2027.22772,75,350.118362
2100.588251,75,351.058764
2066.650958,75,352.004472
2060.192067,75,352.939609
2070.555733,75,353.889684
2054.819902,75,354.847367
2064.560718,75,355.79566
2090.193378,75,356.747671
2032.821877,75,357.691883
2051.748503,75,358.642349
2017.947663,75,359.596384
2005.140784,75,360.561599
2098.397918,75,361.573235
2074.264585,75,362.524299
2036.448248,75,363.479237
2041.133089,75,364.429904
2082.895747,75,365.373034
2032.398025,75,366.308276
2060.313334,75,367.255244
2080.240826,75,368.178296
2077.681628,75,369.118829
2040.780691,75,370.065002
2061.500798,75,371.01449
2067.531917,75,371.958367
2090.259562,75,372.903612
2086.842708,75,373.849864
2067.898867,75,374.802637
2076.297176,75,375.72343
2047.286167,75,376.691854
2052.566342,75,377.643157
2137.886316,75,378.601602
2044.204822,75,379.542567
2036.327843,75,380.493304
2028.814338,75,381.444681
2042.48023,75,382.394289
2042.66366,75,383.334529
2046.700371,75,384.271538
2010.923673,75,385.219882
2035.883866,75,386.164037
2104.667036,75,387.114446
2051.573229,75,400.598672
2078.506361,75,401.545869
2113.105846,75,402.483232
2111.295055,75,403.420147
2085.735828,75,404.366899
2055.956769,75,405.310441
2094.467782,75,406.249425
2073.959016,75,407.194855
2073.996016,75,408.143532
2093.303282,75,409.082991
2093.613136,75,410.030959
2062.035178,75,410.981958
2116.756647,75,411.931237
2046.412588,75,412.893295
2063.235189,75,413.845335
2073.873119,75,414.79493
2049.286964,75,415.745284
2118.43867,75,416.697568
2011.81871,75,417.647421
2049.951395,75,418.579739
2074.023759,75,419.515954
2059.939137,75,420.473704
2038.744035,75,421.429225
2053.113756,75,422.372263
2088.683629,75,423.321688
2048.307542,75,424.275372
2084.023885,75,425.234978
2041.31687,75,426.18131
2087.15209,75,427.132813
2111.199459,75,428.086791
2068.711107,75,429.044341
2082.254711,75,429.989241
2063.781904,75,430.939246
2101.84738,75,431.890221
2062.334449,75,432.842061
2081.667402,75,433.784979
2065.990772,75,434.7472
2054.797576,75,435.705894
1989.202594,75,436.652744
2059.611885,75,437.600212
2038.762646,75,438.555827
2107.827653,75,439.508727
2081.677113,75,440.458924
2090.584909,75,441.389074
2098.789667,75,442.33246
2105.600506,75,443.288663
2054.84413,75,444.239879
2097.248846,75,445.191401
2044.069661,75,446.147307
2057.455393,75,447.107644
2073.470328,75,448.054933
2062.829985,75,448.996775
2042.260014,75,449.947754
2071.409366,75,450.893325
2036.249386,75,464.541398
2087.712447,75,465.47201
2056.081843,75,466.4234
2037.76679,75,467.368304
2065.528983,75,468.313643
2076.142467,75,469.257353
2060.599031,75,470.21979
2094.815637,75,471.179525
2129.900087,75,472.125698
2072.632245,75,473.059589
2102.789117,75,474.018278
2038.911124,75,474.970657
2114.842962,75,475.918935
2080.428259,75,476.862412
2085.2165,75,477.820496
2098.031575,75,478.768188
2100.802719,75,479.728089
2041.140091,75,480.680421
2314.473361,75,481.911361
2024.379629,75,482.877373
2055.9398,75,483.820207
2074.728531,75,484.765351
2084.737217,75,485.715816
2084.945325,75,486.666551
2052.982301,75,487.617159
2086.859447,75,488.571305
2065.560809,75,489.51635
2108.80362,75,490.454962
2082.315122,75,491.39811
2110.472082,75,492.344627
2072.238301,75,493.281206
2104.264709,75,494.222254
2097.820552,75,495.176172
2062.091629,75,496.116731
2125.854935,75,497.07234
2098.062501,75,498.016197
2082.04722,75,498.974109
2087.54797,75,499.922844
2091.364108,75,500.872232
2055.432919,75,501.815273
2118.165996,75,502.764615
2037.852197,75,503.704568
2080.118772,75,504.657026
2091.390315,75,505.600083
2055.378026,75,506.55563
2114.520598,75,507.50358
2074.946296,75,508.459175
2033.710332,75,509.392387
2097.597741,75,510.349155
2076.958233,75,511.323769
2103.217742,75,512.27692
2086.22621,75,513.214681
2049.438435,75,514.168065
2027.221781,75,515.11518
2048.39319,75,516.063742
2073.39041,75,529.709734
2088.122731,75,530.657698
2115.206298,75,531.60631
2065.44841,75,532.563391
2113.597009,75,533.493927
2110.216938,75,534.447789
2156.256977,75,535.405488
2089.029101,75,536.360688
2043.431582,75,537.310829
2078.126599,75,538.286188
2151.53289,75,539.250518
2066.848561,75,540.202145
2103.734642,75,541.155456
2102.77802,75,542.115489
2048.951672,75,543.068482
2070.770129,75,544.026571
2092.847482,75,544.956373
2085.064592,75,545.910551
2078.696893,75,546.8647
2134.327951,75,547.815096
2079.202677,75,548.742277
2130.060063,75,549.691807
2101.474679,75,550.63817
2090.255577,75,551.583334
2059.715635,75,552.516603
2004.702612,75,553.479768
2116.081952,75,554.431388
2019.728911,75,555.382235
2102.152266,75,556.31735
2115.758678,75,557.278161
2040.844965,75,558.229071
2044.457374,75,559.186022
2102.721295,75,560.129247
2134.701749,75,561.083176
2077.71998,75,562.033308
2114.66115,75,562.990028
2119.523032,75,563.932451
2075.635491,75,564.880955
2101.365026,75,565.835964
2075.269992,75,566.792133
2053.677635,75,567.724499
2110.871834,75,568.6793
2111.725371,75,569.638927
2057.149145,75,570.603759
2110.159408,75,571.565716
2063.420138,75,572.529557
2104.29286,75,573.474617
2153.45842,75,574.426115
2094.205522,75,575.364627
2103.327676,75,576.305685
2112.24533,75,577.255495
2116.324006,75,578.226144
2131.559866,75,579.162373
2119.803035,75,580.117511
2121.190846,75,581.077631
2112.844584,75,594.612213
2124.058376,75,595.558012
2057.647221,75,596.511788
2021.0033,75,597.462063
2072.680855,75,598.418727
2123.971061,75,599.359428
2091.787419,75,600.301301
2083.389017,75,601.249575
2078.80171,75,602.202011
2085.749604,75,603.167274
2076.343948,75,604.108378
2121.151875,75,605.062294
2098.899416,75,606.013117
2091.947007,75,606.962813
2067.464607,75,607.910019
2107.17892,75,608.874697
2146.956179,75,609.826757
2127.707329,75,610.77288
2108.039196,75,611.720103
2103.616735,75,612.665087
2133.89178,75,613.617888
2102.189997,75,614.559964
2131.953677,75,615.501864
2125.15275,75,616.455591
2108.05074,75,617.403625
2110.021754,75,618.32864
2092.861192,75,619.271519
2019.175799,75,620.209487
2130.964585,75,621.154942
2106.935832,75,622.09028
2077.377449,75,623.031167
2098.485785,75,623.98261
2096.57122,75,624.938284
2136.734002,75,625.882935
2125.631911,75,626.831395
2097.795226,75,627.787727
2148.588938,75,628.757797
2136.226228,75,629.697234
2091.499751,75,630.656186
2100.028076,75,631.606001
2088.67528,75,632.564322
2115.236447,75,633.500962
2339.936383,75,634.718925
2039.240292,75,635.700889
2082.408251,75,636.659292
2132.200194,75,637.605682
2070.560991,75,638.547896
2108.850856,75,639.475515
2110.726963,75,640.418492
2142.517458,75,641.37654
2093.898138,75,642.328174
2112.054717,75,643.265673
2081.914922,75,644.223494
2158.214693,75,645.173942
2066.011321,75,646.12943
2106.263874,75,659.596265
2144.66957,75,660.553295
2083.036141,75,661.505137
2080.324491,75,662.460678
2113.258248,75,663.401432
2067.729395,75,664.34735
2140.636859,75,665.294102
2082.518524,75,666.24761
2109.819097,75,667.194246
2108.561575,75,668.1466
2125.702681,75,669.096536
2114.505611,75,670.031437
2123.668571,75,670.98385
2107.757052,75,671.940215
2124.734083,75,672.894162
2130.304672,75,673.840203
2101.597194,75,674.798495
2111.243955,75,675.772354
2122.50557,75,676.733799
2132.740627,75,677.695093
2060.552746,75,678.632621
2121.880743,75,679.585199
2126.031746,75,680.526978
2118.665865,75,681.48269
2053.476302,75,682.42391
2103.476346,75,683.373379
2106.817031,75,684.318242
2082.861654,75,685.261765
2134.760745,75,686.197928
2118.586983,75,687.152909
2109.177491,75,688.110732
2081.92717,75,689.051576
2175.661928,75,689.998955
2121.598402,75,690.943072
2153.075135,75,691.900982
2091.08183,75,692.849864
2072.247978,75,693.78273
2096.360692,75,694.75525
2099.469286,75,695.715241
2100.475964,75,696.669278
2132.086536,75,697.612831
2108.318394,75,698.577094
2083.760721,75,699.529246
2118.817434,75,700.474486
2060.00129,75,701.404722
2110.007998,75,702.358809
2118.432685,75,703.304975
2141.252078,75,704.257521
2124.623477,75,705.201153
2093.950686,75,706.147512
2116.335018,75,707.099559
2149.266077,75,708.042233
2105.349698,75,708.998918
2120.639926,75,709.939415
2117.886816,75,710.885692
2086.31938,75,724.371175
2130.931595,75,725.312916
2123.861145,75,726.267184
2117.441181,75,727.219417
2138.685204,75,728.178651
2105.194616,75,729.120821
2105.745818,75,730.07186
2122.181754,75,731.017648
2122.110775,75,731.973211
2132.31119,75,732.918789
2134.929243,75,733.862
2094.637434,75,734.80367
2134.083417,75,735.744665
2179.232393,75,736.682559
2134.56658,75,737.635525
2171.513688,75,738.587061
2122.339675,75,739.526537
2116.670579,75,740.465729
2132.231812,75,741.419328
2130.585807,75,742.387394
2072.452396,75,743.40569
2189.876712,75,744.4225
2114.168766,75,745.428604
2108.402394,75,746.445323
2120.956285,75,747.431124
2127.076533,75,748.428981
2080.331023,75,749.422368
2116.106663,75,750.436534
2105.927908,75,751.512314
2116.466769,75,752.507246
2119.720078,75,753.493914
2151.551159,75,754.450063
2133.8866,75,755.348495
2152.296772,75,756.246209
2116.890635,75,757.15459
2112.314154,75,758.074833
2136.413699,75,758.999822
2134.862991,75,759.8954
2220.574543,75,760.800356
2117.811867,75,761.710366
2142.315608,75,762.621234
2140.470728,75,763.535404
2097.904896,75,764.436528
2121.310686,75,765.352299
2130.410745,75,766.258175
2103.281026,75,767.158057
2148.99138,75,768.081789
2151.301036,75,768.993376
2080.358073,75,769.895906
2107.218656,75,770.788869
2118.777259,75,771.68869
2139.752705,75,772.603316
2124.396899,75,773.519151
2108.818292,75,774.418394
2138.169761,75,775.322926
2150.367145,75,788.423277
2188.748376,75,789.33178
2175.10783,75,790.2291
2150.563278,75,791.13661
2138.922072,75,792.051488
2132.202655,75,792.95279
2177.100639,75,793.857377
2107.286166,75,794.761038
2087.948734,75,795.665793
2086.681418,75,796.573183
2159.337615,75,797.473898
2366.754713,75,798.650871
2125.824231,75,799.574634
2148.463275,75,800.476419
2173.113378,75,801.375034
2233.113186,75,802.281808
2162.689167,75,803.174507
2116.266458,75,804.084752
2161.116615,75,804.983028
2138.307549,75,805.904968
2124.260797,75,806.802992
2140.767231,75,807.716593
2139.871059,75,808.633501
2167.114484,75,809.541435
2180.563076,75,810.45072
2149.756072,75,811.371641
2163.282803,75,812.298804
2158.661534,75,813.199659
2125.831173,75,814.105562
2111.076192,75,815.011951
2156.387972,75,815.920698
2090.461069,75,816.833014
2110.609085,75,817.735043
2158.016879,75,818.664525
2201.762313,75,819.611499
2156.235959,75,820.521845
2148.981558,75,821.40774
2103.692613,75,822.313393
2157.785859,75,823.213429
2144.197899,75,824.141436
2170.292803,75,825.038388
2172.381344,75,825.940358
2160.676388,75,826.849266
2086.490401,75,827.765234
2112.750611,75,828.662424
2116.84109,75,829.578021
2108.103736,75,830.489433
2111.025527,75,831.390283
2136.055007,75,832.282717
2146.727602,75,833.187126
2146.475025,75,834.097144
2144.059646,75,835.0055
2156.883751,75,835.90491
2154.334094,75,836.80767
2146.444562,75,837.713366
2161.883106,75,851.14119
2193.518925,75,852.032907
2106.422784,75,852.93875
2182.465154,75,853.842174
2148.883482,75,854.754542
2182.836516,75,855.66818
2107.370092,75,856.570052
2204.777067,75,857.471973
2175.6275,75,858.393487
2145.014765,75,859.297118
2123.671105,75,860.213088
2131.907104,75,861.115634
2175.703601,75,862.033161
2150.196661,75,862.930032
2167.183864,75,863.848007
2157.53697,75,864.758219
2124.954866,75,865.664298
2149.399156,75,866.554552
2136.002749,75,867.461939
2156.191144,75,868.366463
2143.362771,75,869.274201
2161.262117,75,870.165703
2177.523327,75,871.071846
2137.667612,75,871.986062
2147.977491,75,872.905744
2162.882448,75,873.836792
2171.822006,75,874.752048
2100.867843,75,875.668436
2133.596,75,876.574824
2141.900902,75,877.471706
2162.666764,75,878.395572
2224.570957,75,879.306664
2139.204548,75,880.211582
2163.580479,75,881.108852
2125.044674,75,882.021573
2173.370635,75,882.931375
2132.041727,75,883.849507
2152.584318,75,884.749583
2140.619055,75,885.657576
2170.941787,75,886.556686
2217.835989,75,887.475308
2158.424411,75,888.36247
2219.989687,75,889.268936
2158.14055,75,890.176005
2165.272539,75,891.078331
2141.65532,75,891.973191
2145.83533,75,892.879329
2186.867827,75,893.786792
2171.958144,75,894.68954
2180.255394,75,895.597251
2138.158169,75,896.496999
2156.746767,75,897.409011
2167.53903,75,898.30956
2125.668412,75,899.213033
2118.94778,75,912.655727
2166.727852,75,913.567557
2181.731699,75,914.480178
2132.550764,75,915.369578
2191.011763,75,916.277867
2139.039417,75,917.202144
2143.431071,75,918.109676
2284.555454,75,919.013476
2233.793257,75,919.938844
2179.474746,75,920.847793
2151.767925,75,921.756815
2212.455692,75,922.64735
2135.376538,75,923.549758
2217.797141,75,924.448422
2163.985773,75,925.35438
2166.544753,75,926.263346
2127.704782,75,927.168033
2140.836011,75,928.077549
2192.275273,75,928.995285
2176.327982,75,929.890639
2152.299119,75,930.793169
2216.66663,75,931.699478
2128.203968,75,932.604253
2154.533837,75,933.520012
2209.811487,75,934.429457
2203.693322,75,935.336822
2128.359615,75,936.246736
2161.164074,75,937.14091
2204.540472,75,938.052197
2184.72678,75,938.958981
2164.203217,75,939.863183
2172.156148,75,940.757257
2158.850439,75,941.67958
2195.350472,75,942.60364
2148.590075,75,943.514867
2174.922678,75,944.427835
2388.167918,75,945.597992
2091.266308,75,946.529563
2202.193265,75,947.444444
2146.053889,75,948.352438
2188.945056,75,949.268632
2205.819523,75,950.163937
2165.882017,75,951.071872
2223.095861,75,951.985607
2184.398422,75,952.888764
2260.385461,75,953.79163
2175.411441,75,954.68869
2161.984899,75,955.603792
2188.65799,75,956.516566
2173.323563,75,957.412828
2358.567796,75,958.316645
2187.174977,75,959.222379
2205.777522,75,960.138651
2264.989119,75,961.053287
2168.628722,75,961.972323
2186.085655,75,962.8841
2337.215273,75,976.31331
2190.42387,75,977.210009
2187.725817,75,978.120939
2239.54865,75,979.024689
2266.737487,75,979.925816
2143.989518,75,980.828949
2299.468337,75,981.7399
2229.663937,75,982.6572
2178.560223,75,983.56798
2153.356531,75,984.491661
2165.396658,75,985.404201
2211.092357,75,986.320328
2239.680585,75,987.231115
2263.641934,75,988.137119
2184.428635,75,989.051741
2234.283423,75,989.954487
2190.04103,75,990.854641
2173.549162,75,991.748653
2178.29429,75,992.663381
2169.153662,75,993.574348
2138.066679,75,994.495365
2146.699688,75,995.402284
2242.953468,75,996.320107
2172.891615,75,997.236118
2217.472769,75,998.150658
2262.244437,75,999.04971
2236.457801,75,999.965989
2214.098552,75,1000.873593
2228.005965,75,1001.778023
2159.743535,75,1002.678769
2162.04011,75,1003.583305
2194.714154,75,1004.497986
2202.327503,75,1005.395543
2169.64964,75,1006.299522
2210.831642,75,1007.219515
2167.538094,75,1008.123525
2161.691423,75,1009.045083
2240.734456,75,1009.945394
2202.436194,75,1010.860391
2112.089639,75,1011.817881
2236.363979,75,1012.728768
2144.365774,75,1013.626486
2188.245764,75,1014.53195
2145.361626,75,1015.434895
2145.839479,75,1016.344733
2140.394055,75,1017.239992
2228.215762,75,1018.144728
2191.699708,75,1019.060088
2228.122187,75,1019.966687
2234.182737,75,1020.87673
2228.564426,75,1021.809512
2186.206726,75,1022.721071
2290.40712,75,1023.630054
2238.129846,75,1024.534902
2219.078457,75,1038.277894
2319.954146,75,1039.184232
2223.26935,75,1040.095351
2333.118556,75,1040.990375
2205.838826,75,1041.897447
2201.292604,75,1042.801881
2314.149168,75,1043.704245
2184.113487,75,1044.613038
2249.017757,75,1045.520795
2355.232883,75,1046.430761
2316.444856,75,1047.341091
2344.358856,75,1048.247456
2165.552886,75,1049.174882
2174.573239,75,1050.079648
2240.303227,75,1050.996363
2178.163381,75,1051.902046
2160.568829,75,1052.808233
2185.877739,75,1053.715173
2160.360991,75,1054.619332
2320.662706,75,1055.534574
2236.80276,75,1056.444087
2216.858113,75,1057.359465
2182.742875,75,1058.272488
2132.065108,75,1059.169479
2213.670082,75,1060.084576
2268.302488,75,1060.996493
2214.208349,75,1061.909258
2262.678698,75,1062.801479
2303.964928,75,1063.729452
2197.345133,75,1064.649902
2176.685063,75,1065.564166
2285.865641,75,1066.466264
2180.36526,75,1067.382189
2173.348167,75,1068.290658
2173.676799,75,1069.208129
2180.928918,75,1070.12018
2314.945623,75,1071.040002
2273.489863,75,1071.954477
2146.860155,75,1072.865026
2184.293737,75,1073.764603
2162.513194,75,1074.677835
2233.250507,75,1075.591159
2228.408405,75,1076.493334
2197.125209,75,1077.397529
2193.301981,75,1078.306407
2266.324842,75,1079.220288
2177.849828,75,1080.13108
2135.46585,75,1081.039066
2254.306455,75,1081.972036
2215.46697,75,1082.89372
2259.047571,75,1083.807308
2187.607368,75,1084.713085
2142.83335,75,1085.628225
2302.741782,75,1086.544395
2244.02456,75,1087.454203
2165.370585,75,1101.196522
2242.151647,75,1102.107653
2270.53645,75,1103.019683
2148.337181,75,1103.915516
2296.096441,75,1104.814601
2395.989416,75,1106.005359
2137.444653,75,1106.950912
2273.497855,75,1107.859198
2359.275668,75,1108.781443
2315.342478,75,1109.684122
2309.271806,75,1110.583407
2218.087441,75,1111.501579
2273.151599,75,1112.420766
2208.118359,75,1113.340497
2312.947124,75,1114.239636
2342.595385,75,1115.146456
2172.399066,75,1116.059052
2313.844982,75,1116.962666
2329.97624,75,1117.881457
2311.38949,75,1118.794668
2245.538507,75,1119.720642
2162.066167,75,1120.636126
2225.042192,75,1121.539443
2249.097703,75,1122.453022
2356.801787,75,1123.365572
2334.09212,75,1124.27875
2331.506097,75,1125.172117
2286.079342,75,1126.07033
2179.261663,75,1126.970634
2341.547269,75,1127.883993
2191.197068,75,1128.791117
2292.147723,75,1129.705575
2260.081854,75,1130.62399
2218.293616,75,1131.525157
2206.557671,75,1132.431677
2257.533252,75,1133.341005
2362.977988,75,1134.252512
2236.796126,75,1135.149055
2168.850026,75,1136.04914
2346.72671,75,1136.956161
2267.792949,75,1137.862488
2220.74623,75,1138.760159
2196.245042,75,1139.662151
2255.817711,75,1140.589853
2159.177545,75,1141.514628
2217.178237,75,1142.435241
2317.066434,75,1143.334845
2211.201378,75,1144.263364
2233.244125,75,1145.176162
2246.543523,75,1146.094216
2208.459082,75,1146.998549
2370.475452,75,1147.912145
2185.487311,75,1148.819186
2274.359446,75,1149.731144
2339.497193,75,1150.633352
2238.345712,75,1164.453241
2339.092849,75,1165.36079
2261.624075,75,1166.283145
2249.175526,75,1167.192302
2288.283176,75,1168.095744
2363.540046,75,1169.007209
2227.496737,75,1169.926526
2286.522659,75,1170.839689
2228.591644,75,1171.781692
2290.186055,75,1172.697424
2216.071327,75,1173.623739
2313.818646,75,1174.527277
2243.203932,75,1175.433674
2354.56997,75,1176.359977
2318.428548,75,1177.270802
2353.341233,75,1178.169814
2357.499034,75,1179.086212
2363.811008,75,1180.001547
2339.998073,75,1180.903713
2321.764871,75,1181.805011
2202.432534,75,1182.719712
2243.290797,75,1183.63067
2349.018428,75,1184.553728
2177.497837,75,1185.458727
2341.287652,75,1186.36968
2275.379555,75,1187.293104
2335.273232,75,1188.209532
2277.841528,75,1189.105849
2252.766351,75,1190.014861
2372.134172,75,1190.947923
2294.630909,75,1191.845408
2274.901759,75,1192.751875
2261.715356,75,1193.698522
2340.569304,75,1194.655539
2348.899556,75,1195.609965
2248.142588,75,1196.669561
2352.295048,75,1197.865343
2345.274218,75,1199.030177
2190.548953,75,1200.152327
2341.879017,75,1201.332023
2322.899289,75,1202.410463
2285.745916,75,1203.449112
2272.899159,75,1204.454726
2304.9229,75,1205.445675
2352.995373,75,1206.461629
2364.924816,75,1207.403354
2378.277781,75,1208.405367
2220.185169,75,1209.386233
2288.365567,75,1210.375605
2295.064959,75,1211.288487
2353.88533,75,1212.207448
2210.472927,75,1213.121392
2306.926902,75,1214.039343
2356.645284,75,1214.965585
2269.707816,75,1215.888527
2373.414561,75,1229.607457
2340.663031,75,1230.526808
2297.368989,75,1231.443292
2368.145635,75,1232.353322
2305.475469,75,1233.265141
2235.975741,75,1234.196265
2385.451644,75,1235.110879
2342.539068,75,1236.023423
2370.529147,75,1236.925561
2346.527537,75,1237.839736
2348.351669,75,1238.762166
2373.432221,75,1239.663564
2350.294211,75,1240.556584
2342.43889,75,1241.455076
2301.542424,75,1242.366448
2363.434647,75,1243.286177
2223.84392,75,1244.188174
2347.351647,75,1245.098306
2345.848137,75,1246.005042
2324.27753,75,1246.918638
2382.244706,75,1247.81731
2326.184691,75,1248.720764
2354.287153,75,1249.643275
2356.79714,75,1250.548522
2339.070629,75,1251.444945
2370.687245,75,1252.365857
2358.677843,75,1253.279025
2377.778498,75,1254.19555
2280.415913,75,1255.099437
2365.246319,75,1256.283793
2156.268239,75,1257.204688
2377.970225,75,1258.12873
2269.475979,75,1259.042623
2356.143876,75,1259.955083
2330.898323,75,1260.849706
2188.993428,75,1261.761257
2292.471858,75,1262.668429
2302.109738,75,1263.572944
2368.580804,75,1264.47564
2340.107876,75,1265.390512
2335.648134,75,1266.307096
2340.951939,75,1267.228247
2343.280783,75,1268.136827
2336.2645,75,1269.0583
2365.956242,75,1269.964036
2259.387658,75,1270.862959
2215.35503,75,1271.763932
2291.690492,75,1272.676996
2346.917918,75,1273.589563
2290.211853,75,1274.488688
2345.931229,75,1275.394284
2317.64125,75,1276.324421
2225.693272,75,1277.248592
2337.397804,75,1278.15442
2343.48161,75,1279.057099
2344.205446,75,1292.772531
2381.839199,75,1293.678785
2171.923728,75,1294.58623
2201.243832,75,1295.487799
2362.860133,75,1296.405463
2321.271564,75,1297.311115
2370.941421,75,1298.23465
2386.373035,75,1299.135648
2296.919281,75,1300.042946
2368.890701,75,1300.95733
2357.699469,75,1301.881221
2363.540867,75,1302.799339
2373.136097,75,1303.707184
2359.7902,75,1304.621619
2378.041315,75,1305.537624
2232.720242,75,1306.447495
2294.52506,75,1307.360966
2345.506466,75,1308.257558
2354.190463,75,1309.17082
2345.424109,75,1310.066876
2383.669115,75,1310.981601
2378.091259,75,1311.888042
2376.183327,75,1312.800689
2339.026524,75,1313.698766
2310.048621,75,1314.608549
2326.37167,75,1315.517629
2312.580333,75,1316.424392
2336.410599,75,1317.318527
2317.366572,75,1318.230422
2371.227126,75,1319.139717
2362.223491,75,1320.062137
2283.623051,75,1320.974415
2357.117891,75,1321.899846
2336.976661,75,1322.814268
2273.994673,75,1323.729005
2343.146049,75,1324.634963
2376.337319,75,1325.547896
2324.456628,75,1326.459455
2333.131981,75,1327.369387
2364.436872,75,1328.273338
2355.319859,75,1329.184615
2387.516611,75,1330.088534
2354.161287,75,1330.984278
2312.589325,75,1331.881484
2382.158893,75,1332.792733
2366.594649,75,1333.714368
2331.809016,75,1334.632233
2344.114645,75,1335.533679
2299.637846,75,1336.454309
2344.274604,75,1337.368279
2354.515396,75,1338.280645
2328.90768,75,1339.179002
2369.196337,75,1340.097193
2363.679132,75,1341.006277
2381.937631,75,1341.922071
2381.787345,75,1357.969876
2299.29434,75,1358.946996
2344.895856,75,1359.921361
2270.891421,75,1360.89906
2289.002528,75,1361.828189
2336.452621,75,1362.757584
2383.113748,75,1363.672269
2372.149685,75,1364.602201
2383.564003,75,1365.513761
2343.768214,75,1366.454324
2344.631066,75,1367.402587
2341.602445,75,1368.327321
2357.711279,75,1369.249801
2356.444223,75,1370.211292
2333.881231,75,1371.154953
2352.830377,75,1372.113157
2370.631973,75,1373.035086
2330.424821,75,1373.972108
2374.969869,75,1374.887384
2381.242383,75,1375.811131
2363.966381,75,1376.718581
2378.270766,75,1377.656562
2361.228972,75,1378.579434
2319.957134,75,1379.502465
2327.855898,75,1380.433889
2369.510749,75,1381.366512
2385.421919,75,1382.30706
2373.307341,75,1383.252284
2361.673721,75,1384.174956
2298.962265,75,1385.111423
2386.219913,75,1386.051632
2367.928546,75,1386.996189
2375.326829,75,1387.924848
2362.555704,75,1388.862245
2359.379097,75,1389.79969
2371.248893,75,1390.720803
2291.036857,75,1391.643983
2327.078042,75,1392.572535
2374.920445,75,1393.498173
2319.572491,75,1394.442212
2359.921403,75,1395.371301
2348.374224,75,1396.310861
2304.608065,75,1397.233494
2397.932009,75,1398.183061
2342.458315,75,1399.147991
2394.949823,75,1400.103714
2361.739741,75,1401.050724
2346.448918,75,1402.024457
2355.328405,75,1402.970409
2349.924141,75,1403.94636
2337.986981,75,1404.932985
2209.012737,75,1405.9016
2353.721096,75,1406.854282
2337.361586,75,1408.08452
2136.436042,75,1409.071025
2370.461846,75,1425.398279
2346.392437,75,1426.335335
2338.350324,75,1427.286726
2345.029878,75,1428.2125
2264.813169,75,1429.167766
2337.798522,75,1430.111203
2380.422089,75,1431.058314
2369.116118,75,1431.990199
2343.761718,75,1432.928553
2372.484461,75,1433.867851
2373.894212,75,1434.802927
2335.44651,75,1435.719456
2397.991574,75,1436.666766
2362.108313,75,1437.605242
2369.632864,75,1438.547014
2354.210155,75,1439.478598
2374.626231,75,1440.435472
2377.557809,75,1441.401129
2307.627291,75,1442.334068
2340.820813,75,1443.263376
2373.614543,75,1444.19797
2355.439806,75,1445.137786
2359.494833,75,1446.075954
2342.330261,75,1446.995826
2374.185336,75,1447.928016
2355.432859,75,1448.866436
2353.811501,75,1449.825415
2365.467383,75,1450.768087
2324.22009,75,1451.700625
2387.051206,75,1452.640304
2368.196545,75,1453.589071
2383.017384,75,1454.520416
2300.11073,75,1455.451973
2229.942414,75,1456.407363
2382.731568,75,1457.363961
2241.260071,75,1458.301706
2362.568733,75,1459.245924
2350.111867,75,1460.192043
2356.833919,75,1461.136888
2367.205352,75,1462.081704
2359.21859,75,1463.029548
2379.123081,75,1463.96344
2372.879247,75,1464.907303
2369.460525,75,1465.846977
2292.634748,75,1466.791019
2364.64279,75,1467.720051
2314.638278,75,1468.687486
2400.311193,75,1469.684821
2348.914544,75,1470.6203
2323.027677,75,1471.563332
2342.727344,75,1472.504707
2316.221051,75,1473.435948
2363.729464,75,1474.389059
2360.526854,75,1475.364174
2351.122608,75,1476.305276
2369.10577,75,1491.881422
2358.77786,75,1492.809835
2186.010828,75,1493.730208
2346.719153,75,1494.646493
2388.192988,75,1495.559614
2372.154843,75,1496.473204
2369.669257,75,1497.400773
2381.882818,75,1498.358631
2352.923065,75,1499.27187
2401.104765,75,1500.210418
2370.41878,75,1501.164623
2384.409794,75,1502.119763
2361.022815,75,1503.024562
2377.280186,75,1503.939916
2377.316746,75,1504.848057
2349.094074,75,1505.769967
2393.825593,75,1506.705728
2364.758905,75,1507.638999
2289.101226,75,1508.559165
2241.719611,75,1509.478578
2160.839879,75,1510.378814
2363.426638,75,1511.299968
2355.498968,75,1512.226665
2382.933671,75,1513.150522
2375.889275,75,1514.051426
2384.692456,75,1514.960659
2353.992382,75,1515.880641
2387.836148,75,1516.811308
2367.95887,75,1517.72973
2385.286076,75,1518.647134
2292.341956,75,1519.566912
2364.073605,75,1520.484981
2348.173609,75,1521.388774
2342.465144,75,1522.303223
2379.219759,75,1523.209584
2288.196193,75,1524.112233
2359.192251,75,1525.017187
2257.006463,75,1525.935132
2380.898433,75,1526.845471
2366.475912,75,1527.753559
2278.609942,75,1528.65534
2386.80547,75,1529.567974
2288.439846,75,1530.482884
2382.140931,75,1531.416223
2357.430268,75,1532.328147
2388.986423,75,1533.248323
2373.134479,75,1534.172957
2382.605634,75,1535.082359
2384.792508,75,1535.995139
2322.129502,75,1536.910673
2379.290462,75,1537.817293
2333.426496,75,1538.730445
2354.449403,75,1539.637927
2378.88068,75,1540.560586
2367.281129,75,1554.360546
2354.109175,75,1555.279091
2281.931967,75,1556.195069
2274.953651,75,1557.109319
2395.926905,75,1558.027976
2383.862808,75,1558.945404
2334.028876,75,1559.847594
2387.155241,75,1560.753261
2360.941468,75,1561.691545
2362.623644,75,1562.664696
2383.70877,75,1563.575885
2376.31034,75,1564.50489
2280.077773,75,1565.42628
2357.982932,75,1566.341328
2370.522329,75,1567.254569
2345.066547,75,1568.215738
2378.986009,75,1569.1231
2383.144107,75,1570.04122
2378.036946,75,1570.946606
2401.008243,75,1571.857931
2399.03318,75,1572.771375
2346.040481,75,1573.696021
2390.113731,75,1574.601948
2330.205046,75,1575.77596
2188.422133,75,1576.698925
2309.683335,75,1577.621773
2400.907612,75,1578.539989
2351.768222,75,1579.451193
2403.661378,75,1580.359713
2384.532437,75,1581.285793
2387.204239,75,1582.194046
2380.200351,75,1583.095234
2376.336608,75,1584.006311
2380.781408,75,1584.909366
2370.38198,75,1585.830482
2253.169099,75,1586.74011
2339.62216,75,1587.639894
2365.242347,75,1588.556346
2375.581347,75,1589.460774
2398.965001,75,1590.371611
2207.023166,75,1591.272389
2405.384327,75,1592.195231
2397.913062,75,1593.116539
2373.665097,75,1594.043782
2370.02758,75,1594.951787
2390.27918,75,1595.869305
2378.695302,75,1596.784351
2228.691953,75,1597.703279
2401.254338,75,1598.609137
2392.566604,75,1599.533574
2372.63676,75,1600.461764
2391.207226,75,1601.384566
2383.647443,75,1602.284168
2325.974824,75,1603.204968
2343.424782,75,1604.104004
2320.244698,75,1605.010098
2380.183207,75,1618.769731
2369.369229,75,1619.684902
2369.521678,75,1620.606375
2381.906053,75,1621.519454
2380.489925,75,1622.4421
2391.196866,75,1623.354626
2376.233042,75,1624.295168
2407.185493,75,1625.200447
2200.228325,75,1626.113877
2404.623452,75,1627.029916
2386.30809,75,1627.945214
2402.195978,75,1628.915461
2370.591436,75,1629.829923
2349.752962,75,1630.745904
2399.311086,75,1631.669241
2374.559733,75,1632.598632
2356.507443,75,1633.550178
2362.173546,75,1634.489469
2377.269303,75,1635.398229
2382.671199,75,1636.311323
2406.603998,75,1637.213815
2387.745763,75,1638.119688
2184.490485,75,1639.024867
2400.748556,75,1639.930613
2400.009293,75,1640.824707
2363.940256,75,1641.750089
2368.509288,75,1642.665483
2373.436494,75,1643.588748
2375.27592,75,1644.496063
2311.868911,75,1645.423542
2403.470909,75,1646.336865
2378.828808,75,1647.242788
2372.195222,75,1648.154528
2295.558754,75,1649.076944
2357.797833,75,1649.99398
2381.589629,75,1650.917182
2398.245104,75,1651.847984
2371.572505,75,1652.783853
2405.877787,75,1653.716477
2405.555756,75,1654.637632
2413.181629,75,1655.541895
2222.834166,75,1656.456276
2378.030266,75,1657.369009
2397.578031,75,1658.281376
2346.495941,75,1659.189759
2355.72963,75,1660.152753
2300.242101,75,1661.105006
2302.812184,75,1662.043827
2383.276914,75,1662.95614
2369.545968,75,1663.872931
2382.010328,75,1664.78806
2389.842568,75,1665.755764
2306.184126,75,1666.697034
2384.432255,75,1667.618559
2362.394067,75,1681.566096
2379.624776,75,1682.466813
2390.045977,75,1683.363536
2382.725394,75,1684.289355
2366.013599,75,1685.20397
2361.759166,75,1686.116551
2384.324952,75,1687.028796
2383.503969,75,1687.952323
2370.674864,75,1688.869556
2370.808221,75,1689.791948
2378.958629,75,1690.692129
2384.068391,75,1691.608383
2396.887733,75,1692.531341
2375.817351,75,1693.44765
2373.86817,75,1694.351096
2401.976871,75,1695.31336
2411.414986,75,1696.246396
2381.893463,75,1697.171143
2401.273577,75,1698.088847
2373.594002,75,1699.007313
2365.557547,75,1699.919518
2398.037084,75,1700.850782
2402.480381,75,1701.751109
2406.769901,75,1702.671321
2390.459317,75,1703.579932
2390.252406,75,1704.495559
2390.254105,75,1705.397768
2393.534439,75,1706.315201
2377.946028,75,1707.231913
2395.171793,75,1708.154408
2363.12859,75,1709.059578
2372.738077,75,1709.973573
2353.678855,75,1710.885253
2380.668296,75,1711.797556
2396.829309,75,1712.706484
2365.508582,75,1713.627232
2389.703539,75,1714.547069
2362.323603,75,1715.463498
2386.665232,75,1716.378282
2392.020798,75,1717.300435
2350.614856,75,1718.219552
2398.341428,75,1719.13056
2393.354151,75,1720.059622
2366.734626,75,1720.989889
2382.32251,75,1721.907156
2410.218906,75,1722.877887
2395.261088,75,1723.804588
2299.2584,75,1724.976916
2346.272158,75,1725.903668
2371.756092,75,1726.830157
2383.566163,75,1727.749489
2320.133225,75,1728.666209
2376.62889,75,1729.574121
2381.883486,75,1730.50435
2364.518616,75,1731.424324
2383.547474,75,1747.15549
2365.571406,75,1748.104014
2407.031183,75,1749.059625
2355.449262,75,1750.006977
2369.796191,75,1750.948403
2388.129942,75,1751.884146
2395.350491,75,1752.897745
2404.559919,75,1753.900785
2391.537003,75,1754.882267
2393.239611,75,1755.864268
2402.883102,75,1756.876114
2397.497817,75,1757.840433
2398.070424,75,1758.796993
2430.094917,75,1759.750507
2387.585479,75,1760.709648
2414.055513,75,1761.667066
2379.052778,75,1762.6178
2369.974292,75,1763.541924
2389.614447,75,1764.495145
2404.239093,75,1765.447893
2372.303998,75,1766.410781
2385.087965,75,1767.33572
2375.46969,75,1768.311589
2387.252605,75,1769.263289
2383.064956,75,1770.220992
2373.548441,75,1771.177458
2400.572667,75,1772.148419
2382.951781,75,1773.123744
2388.689294,75,1774.079763
2378.127914,75,1775.023264
2383.097553,75,1775.950157
2410.009203,75,1776.92298
2411.903528,75,1777.876084
2398.502058,75,1778.839421
2382.466976,75,1779.752359
2336.062783,75,1780.671971
2408.646005,75,1781.594177
2382.211501,75,1782.516476
2408.83544,75,1783.449261
2389.188255,75,1784.370725
2390.408762,75,1785.287144
2416.818427,75,1786.201626
2394.938623,75,1787.116537
2409.516476,75,1788.03352
2375.279496,75,1788.95589
2421.786075,75,1789.872396
2382.824075,75,1790.794229
2387.251003,75,1791.707634
2375.92137,75,1792.623441
2419.459177,75,1793.541471
2401.338318,75,1794.456795
2382.337579,75,1795.377017
2385.193836,75,1796.303382
2361.815737,75,1797.224446
2359.219023,75,1798.140262
2381.153164,75,1812.037382
2393.640762,75,1812.994743
2422.361892,75,1813.949771
2355.441443,75,1814.904394
2402.307936,75,1815.882353
2396.76617,75,1816.859607
2408.594452,75,1817.80829
2406.624266,75,1818.784169
2402.038476,75,1819.72381
2320.758795,75,1820.690812
2416.840888,75,1821.632899
2405.259352,75,1822.55586
2403.960795,75,1823.483196
2420.005308,75,1824.421114
2370.451384,75,1825.360901
2412.507718,75,1826.30852
2351.913594,75,1827.253065
2416.298022,75,1828.208694
2401.174242,75,1829.156787
2415.270854,75,1830.108151
2376.241336,75,1831.06785
2398.555808,75,1832.018124
2392.139377,75,1832.95926
2374.146866,75,1833.900525
2405.74794,75,1834.86306
2402.169336,75,1835.809109
2405.117686,75,1836.742708
2423.61772,75,1837.687486
2384.540402,75,1838.614815
2410.939,75,1839.552153
2393.708916,75,1840.476182
2386.101676,75,1841.416487
2403.743748,75,1842.355389
2396.922887,75,1843.315474
2387.577835,75,1844.239179
2331.878032,75,1845.185496
2412.37515,75,1846.11706
2396.689845,75,1847.068871
2413.276355,75,1848.001134
2391.016284,75,1848.948416
2421.187683,75,1849.891308
2397.422021,75,1850.848922
2397.565252,75,1851.793533
2381.966943,75,1852.741746
2404.444169,75,1853.680207
2395.299777,75,1854.636544
2399.067842,75,1855.58056
2404.109203,75,1856.548652
2410.376889,75,1857.498336
2395.504024,75,1858.471039
2393.923434,75,1859.447174
2387.430343,75,1860.414594
2290.854873,75,1861.345031
2393.586968,75,1862.278836
2396.625147,75,1863.200004
2419.175869,75,1877.262038
2410.80883,75,1878.176802
2402.58588,75,1879.098066
2379.544746,75,1880.008979
2397.671974,75,1880.933397
2394.762286,75,1881.865865
2369.890458,75,1882.775107
2382.792394,75,1883.693894
2256.103647,75,1884.614943
2421.06713,75,1885.553959
2384.715197,75,1886.502907
2390.61137,75,1887.425832
2393.860523,75,1888.352425
2397.877063,75,1889.269208
2384.307485,75,1890.198936
2415.778512,75,1891.105821
2292.88811,75,1892.29958
2367.359144,75,1893.218903
2393.889535,75,1894.142973
2362.995214,75,1895.055047
2339.129356,75,1895.986197
2388.662784,75,1896.898639
2386.798299,75,1897.824452
2409.848905,75,1898.739504
2298.326948,75,1899.658741
2365.570131,75,1900.569124
2350.618367,75,1901.494093
2347.392089,75,1902.416323
2379.711063,75,1903.331503
2378.51389,75,1904.249912
2367.735795,75,1905.161383
2396.90288,75,1906.087748
2408.352111,75,1907.011972
2413.901044,75,1907.933682
2413.109332,75,1908.867887
2402.091822,75,1909.791314
2392.799594,75,1910.710738
2371.594018,75,1911.617968
2394.007722,75,1912.533555
2401.200735,75,1913.446137
2405.315511,75,1914.372624
2405.878027,75,1915.26384
2402.520704,75,1916.172895
2404.137808,75,1917.09599
2405.308981,75,1918.015382
2399.94592,75,1918.936105
2412.846264,75,1919.854651
2405.50836,75,1920.788602
2371.313683,75,1921.717903
2391.061153,75,1922.63742
2389.784122,75,1923.545423
2384.092577,75,1924.469684
2375.155074,75,1925.390914
2217.700192,75,1926.307642
2400.925,75,1927.232005
2334.936389,75,1941.86758
2357.197956,75,1942.827158
2414.82774,75,1943.742469
2378.399511,75,1944.68375
2426.297039,75,1945.648485
2390.538282,75,1946.636891
2419.119261,75,1947.591727
2399.663524,75,1948.551627
2404.015343,75,1949.519906
2321.37858,75,1950.50469
2402.508425,75,1951.457773
2403.489735,75,1952.437144
2395.284579,75,1953.413134
2426.008428,75,1954.387048
2426.76306,75,1955.339364
2405.240891,75,1956.302563
2397.223614,75,1957.270895
2369.341681,75,1958.232686
2364.841229,75,1959.207268
2306.177629,75,1960.171222
2359.822288,75,1961.131167
2325.402892,75,1962.141026
2345.631046,75,1963.119922
2404.190555,75,1964.081002
2401.263861,75,1965.033713
2391.638793,75,1966.014761
2395.464978,75,1967.119007
2345.622837,75,1968.191767
2324.506522,75,1969.240622
2409.714156,75,1970.23567
2393.622357,75,1971.217576
2402.912319,75,1972.198285
2394.445341,75,1973.166592
2351.435208,75,1974.110783
2401.610382,75,1975.081803
2386.231425,75,1976.038695
2410.345948,75,1976.980546
2405.588289,75,1977.952336
2260.225565,75,1978.911402
2395.586862,75,1980.069293
2410.30476,75,1981.188468
2310.76925,75,1982.149199
2413.271823,75,1983.098188
2398.600637,75,1984.022377
2377.214714,75,1984.94515
2409.709018,75,1985.861932
2427.580624,75,1986.76963
2424.508339,75,1987.697895
2399.476799,75,1988.628695
2387.715039,75,1989.570688
2405.739226,75,1990.66733
2388.954948,75,1991.703816
2399.36895,75,1992.633303
2257.209369,75,1993.575555
2389.848641,75,1994.489493
2394.046046,75,2009.540001
2398.083397,75,2010.548917
2402.515453,75,2011.58295
2398.608737,75,2012.602994
2320.19286,75,2013.544619
2410.445504,75,2014.544789
2393.305395,75,2015.492807
2428.28087,75,2016.450988
2297.873926,75,2017.424433
2397.612794,75,2018.420802
2400.397229,75,2019.492114
2381.132242,75,2020.584898
2415.282131,75,2021.557771
2419.741606,75,2022.735116
2408.593343,75,2023.851533
2407.228744,75,2024.86224
2405.221099,75,2026.056659
2397.340229,75,2027.135808
2376.226707,75,2028.138206
2399.019516,75,2029.054296
2414.902503,75,2030.063194
2402.586899,75,2031.014488
2393.356252,75,2031.984905
2361.817628,75,2033.026387
2411.41245,75,2034.033082
2365.164904,75,2034.98851
2401.195846,75,2035.9327
2404.420994,75,2036.875056
2424.402746,75,2037.804185
2396.824924,75,2038.746439
2401.011457,75,2039.687551
2348.93938,75,2040.603004
2414.341457,75,2041.522798
2412.174624,75,2042.44482
2398.188451,75,2043.369149
2391.546658,75,2044.278017
2290.618767,75,2045.213776
2412.857769,75,2046.166693
2365.682433,75,2047.112312
2412.084329,75,2048.041383
2290.77977,75,2049.248286
2324.51578,75,2050.191886
2406.006928,75,2051.125565
2401.258227,75,2052.062737
2428.218084,75,2053.050765
2413.803939,75,2054.145865
2415.080912,75,2055.231285
2389.080248,75,2056.283714
2357.753796,75,2057.355638
2405.350348,75,2058.3708
2393.17146,75,2059.329432
2413.394862,75,2060.300353
2308.66227,75,2061.264934
2238.936111,75,2062.278547
2337.427923,75,2063.264974
2400.466422,75,2079.081569
2377.120349,75,2080.045971
2446.940731,75,2080.99949
2406.278445,75,2081.949054
2417.606116,75,2082.904521
2420.556272,75,2083.85698
2422.775954,75,2084.807555
2403.302919,75,2085.773999
2427.849474,75,2086.732513
2424.641539,75,2087.685007
2398.398964,75,2088.619456
2421.503631,75,2089.567916
2398.923887,75,2090.533524
2417.991002,75,2091.522178
2417.154395,75,2092.462289
2435.257376,75,2093.4028
2346.81978,75,2094.339343
2397.509902,75,2095.285096
2432.007051,75,2096.271788
2428.658903,75,2097.226676
2417.685703,75,2098.176597
2426.502028,75,2099.113087
2410.671433,75,2100.053292
2412.013679,75,2100.99607
2409.729273,75,2101.942296
2382.114705,75,2102.890201
2405.462883,75,2103.808761
2432.226118,75,2104.75123
2385.589761,75,2105.682536
2429.583591,75,2106.622203
2397.096759,75,2107.548593
2390.078083,75,2108.495687
2395.27306,75,2109.446233
2414.092545,75,2110.400209
2378.143524,75,2111.338469
2397.040477,75,2112.282096
2419.373962,75,2113.222015
2325.86359,75,2114.164882
2361.710585,75,2115.121665
2415.755995,75,2116.076613
2400.981882,75,2117.050032
2378.025826,75,2118.001026
2425.682766,75,2118.94964
2313.35792,75,2119.894193
2396.460291,75,2120.838379
2432.806048,75,2121.798351
2402.433444,75,2122.745328
2402.461577,75,2123.688251
2399.256998,75,2124.642838
2427.038093,75,2125.595037
2400.817941,75,2126.517621
2407.32461,75,2127.469654
2400.49498,75,2128.404061
2369.047162,75,2129.360739
2398.65236,75,2145.2883
2406.740175,75,2146.232415
2438.797336,75,2147.224705
2420.149599,75,2148.211453
2425.548816,75,2149.192581
2420.454289,75,2150.137512
2422.895206,75,2151.084367
2423.031817,75,2152.155437
2413.089578,75,2153.149567
2433.426589,75,2154.180083
2422.493763,75,2155.181601
2370.400726,75,2156.132815
2435.980169,75,2157.095977
2416.704247,75,2158.05041
2432.32754,75,2159.001446
2381.807605,75,2159.952505
2418.124395,75,2160.882906
2404.636213,75,2161.849729
2420.397989,75,2162.831051
2400.144916,75,2163.760673
2435.807208,75,2164.693732
2424.242366,75,2165.619639
2327.78758,75,2166.564635
2410.156643,75,2167.54736
2400.995967,75,2168.492747
2425.850615,75,2169.439209
2420.323497,75,2170.371558
2393.059323,75,2171.312809
2423.205849,75,2172.254987
2420.965659,75,2173.200411
2422.523779,75,2174.126982
2404.702896,75,2175.068188
2396.471605,75,2175.999478
2426.704352,75,2176.965472
2400.255643,75,2177.906238
2333.7788,75,2178.854748
2432.342851,75,2179.778266
2426.289422,75,2180.724257
2422.412769,75,2181.672463
2426.452914,75,2182.605714
2431.527908,75,2183.535773
2429.867159,75,2184.485705
2392.388941,75,2185.429524
2425.769048,75,2186.378843
2409.805443,75,2187.313649
2420.211369,75,2188.266058
2412.144855,75,2189.205536
2373.686539,75,2190.152223
2414.060667,75,2191.089584
2374.324656,75,2192.053952
2423.958689,75,2193.017632
2413.344262,75,2193.98863
2411.513198,75,2194.930497
2421.361807,75,2195.870562
2431.059646,75,2196.810563
2410.646242,75,2212.543998
2426.084157,75,2213.488535
2420.026418,75,2214.437049
2309.458108,75,2215.383169
2402.751398,75,2216.322857
2423.851843,75,2217.245925
2436.034407,75,2218.181563
2425.095776,75,2219.11525
2418.709386,75,2220.061424
2399.915082,75,2221.006751
2267.39342,75,2222.224858
2374.798526,75,2223.200887
2394.948023,75,2224.180724
2385.628565,75,2225.131472
2410.494918,75,2226.075499
2336.068056,75,2227.015511
2418.50925,75,2227.965111
2423.73444,75,2228.968098
2440.467399,75,2229.920079
2414.577662,75,2230.852892
2428.512578,75,2231.789663
2443.043195,75,2232.727928
2422.91313,75,2233.671083
2412.402548,75,2234.593962
2429.90494,75,2235.534664
2416.908826,75,2236.476818
2421.380674,75,2237.43835
2442.508923,75,2238.385525
2444.801664,75,2239.323958
2432.10606,75,2240.264918
2426.287179,75,2241.245653
2405.145598,75,2242.248332
2421.750642,75,2243.21132
2434.769184,75,2244.223426
2435.002332,75,2245.197484
2423.163553,75,2246.142327
2432.487052,75,2247.133266
2415.299258,75,2248.078819
2433.012659,75,2249.024877
2419.594125,75,2249.956678
2419.941342,75,2250.900059
2432.665072,75,2251.855005
2372.095306,75,2252.807423
2434.205468,75,2253.736024
2418.431459,75,2254.691614
2403.991425,75,2255.626085
2417.196022,75,2256.569725
2427.524803,75,2257.497987
2437.333492,75,2258.448442
2428.539455,75,2259.391731
2411.665697,75,2260.327818
2406.912618,75,2261.25845
2425.326891,75,2262.198168
2431.027319,75,2263.144916
2427.061984,75,2264.086003
2424.249746,75,2279.957584
2440.312903,75,2280.908869
2434.077722,75,2281.862629
2417.97375,75,2282.817715
2408.66771,75,2283.751618
2427.800695,75,2284.687124
2434.621452,75,2285.630774
2414.858279,75,2286.607656
2437.90044,75,2287.655232
2418.357225,75,2288.639898
2429.599308,75,2289.597621
2418.988454,75,2290.616134
2425.15901,75,2291.569028
2422.401182,75,2292.501078
2431.024092,75,2293.447642
2437.041854,75,2294.398304
2425.869452,75,2295.351708
2441.270219,75,2296.331996
2423.115324,75,2297.305965
2440.809164,75,2298.260059
2441.912346,75,2299.197332
2446.878698,75,2300.154909
2438.188372,75,2301.097204
2348.545933,75,2302.04653
2435.522697,75,2302.98373
2428.311629,75,2303.919496
2422.565065,75,2304.860845
2443.021768,75,2305.820919
2408.304076,75,2306.763362
2420.346361,75,2307.709655
2417.52669,75,2308.69333
2438.05052,75,2309.656192
2438.533734,75,2310.59735
2423.444349,75,2311.539576
2417.559677,75,2312.476076
2324.10319,75,2313.428101
2432.02143,75,2314.359721
2442.87208,75,2315.303705
2422.44469,75,2316.260914
2431.204623,75,2317.224777
2410.321928,75,2318.156341
2447.834613,75,2319.11353
2428.831376,75,2320.052974
2429.169714,75,2320.997756
2435.653285,75,2321.943264
2413.509833,75,2322.895653
2373.816731,75,2323.854065
2426.033768,75,2324.797908
2426.488488,75,2325.752641
2431.192945,75,2326.748681
2415.007687,75,2327.801286
2429.272489,75,2328.816657
2419.457703,75,2329.835416
2423.434576,75,2330.834782
2419.838814,75,2331.841722
2415.991837,75,2348.176451
2424.484818,75,2349.124637
2434.024958,75,2350.071204
2435.438356,75,2351.041512
2435.017124,75,2351.996769
2434.510032,75,2352.951783
2412.768649,75,2353.92575
2409.156458,75,2354.889138
2436.605381,75,2355.861293
2414.027684,75,2356.866322
2435.782202,75,2357.834347
2426.552038,75,2358.821703
2414.222346,75,2359.776885
2421.465402,75,2360.716082
2438.803904,75,2361.673602
2430.59105,75,2362.622136
2428.050205,75,2363.596668
2418.32861,75,2364.542752
2401.402042,75,2365.50313
2417.610493,75,2366.466456
2437.430229,75,2367.419483
2430.926082,75,2368.371426
2418.452785,75,2369.341696
2435.550448,75,2370.308896
2416.898142,75,2371.269817
2438.48188,75,2372.229367
2430.139268,75,2373.253387
2449.873155,75,2374.25813
2430.075462,75,2375.202136
2440.000258,75,2376.14519
2414.932952,75,2377.122093
2440.903901,75,2378.199386
2450.496656,75,2379.200704
2428.792142,75,2380.151041
2266.712683,75,2381.403208
2363.505445,75,2382.366303
2410.038314,75,2383.322699
2438.05171,75,2384.28241
2416.929794,75,2385.245106
2431.108713,75,2386.21076
2438.350645,75,2387.173906
2441.415176,75,2388.143859
2423.837552,75,2389.123258
2442.9416,75,2390.070747
2436.133428,75,2391.029183
2439.456529,75,2391.990886
2428.334564,75,2392.946229
2417.919645,75,2393.89483
2443.528192,75,2394.854503
2285.86972,75,2395.813758
2446.545244,75,2396.766532
2417.358222,75,2397.731788
2433.235981,75,2398.725857
2405.271947,75,2399.704769
2434.6061,75,2400.718375
2445.624142,75,2416.596573
2429.431022,75,2417.526915
2432.33785,75,2418.453398
2439.706961,75,2419.39266
2420.616821,75,2420.332542
2429.168956,75,2421.282814
2446.450863,75,2422.285029
2441.234613,75,2423.22748
2436.16133,75,2424.143082
2439.747111,75,2425.060772
2426.410527,75,2425.975756
2440.804597,75,2427.053204
2423.017044,75,2428.103236
2355.487982,75,2429.125001
2449.114943,75,2430.151669
2418.437308,75,2431.153601
2370.609082,75,2432.197627
2438.893967,75,2433.207729
2436.281522,75,2434.207988
2441.391973,75,2435.221656
2431.4145,75,2436.258016
2415.229434,75,2437.387517
2435.203018,75,2438.456718
2437.071476,75,2439.473478
2416.079713,75,2440.485088
2424.888385,75,2441.522122
2429.325184,75,2442.529616
2444.731077,75,2443.546053
2429.927195,75,2444.548998
2429.677242,75,2445.539178
2425.762316,75,2446.558311
2432.45973,75,2447.581282
2433.912724,75,2448.636446
2444.08265,75,2449.659985
2433.662746,75,2450.68668
2426.262977,75,2451.687395
2412.690298,75,2452.696203
2429.777766,75,2453.708038
2444.588189,75,2454.761391
2429.652642,75,2455.766421
2421.114937,75,2456.758567
2357.839478,75,2457.792972
2413.253481,75,2458.803964
2453.069931,75,2459.799097
2445.633858,75,2460.804112
2433.649029,75,2461.805484
2438.291132,75,2462.807646
2440.76888,75,2463.849593
2431.410118,75,2464.845668
2426.430492,75,2465.83342
2420.808123,75,2466.830024
2435.706109,75,2467.834829
2404.818768,75,2468.81824
2423.045751,75,2469.814751
2436.987176,75,2470.820788
2449.788123,75,2488.194165
2429.704845,75,2489.191845
2432.229935,75,2490.218619
2428.276916,75,2491.270699
2442.164767,75,2492.283633
2454.9002,75,2493.290907
2438.222699,75,2494.297514
2440.331381,75,2495.296127
2412.285501,75,2496.325552
2444.456804,75,2497.304688
2436.387807,75,2498.293544
2454.602208,75,2499.294985
2422.573801,75,2500.296008
2442.033153,75,2501.272512
2432.437972,75,2502.268696
2454.678287,75,2503.264982
2441.391702,75,2504.26919
2429.420644,75,2505.275935
2444.188853,75,2506.282487
2411.492736,75,2507.306022
2423.885779,75,2508.328916
2417.497975,75,2509.349286
2442.432682,75,2510.349597
2434.377755,75,2511.369125
2430.15585,75,2512.37136
2379.670791,75,2513.374852
2420.285926,75,2514.387025
2444.840092,75,2515.393936
2434.547089,75,2516.400478
2436.769669,75,2517.388654
2394.947337,75,2518.38241
2430.073862,75,2519.40034
2431.87528,75,2520.401157
2450.084096,75,2521.411847
2432.779621,75,2522.454115
2464.540282,75,2523.466695
2453.124995,75,2524.469498
2446.850252,75,2525.456514
2416.727164,75,2526.472559
2449.814955,75,2527.500093
2419.603671,75,2528.521112
2450.427243,75,2529.513969
2441.973138,75,2530.506203
2439.436057,75,2531.488663
2430.614107,75,2532.490317
2469.384141,75,2533.504147
2424.68203,75,2534.506426
2449.268508,75,2535.528182
2440.434952,75,2536.54674
2441.017459,75,2537.537828
2467.044411,75,2538.546797
2439.8982,75,2539.55768
2440.427814,75,2540.566328
2461.810559,75,2541.57455
2457.588122,75,2559.178074
2460.516859,75,2560.189547
2447.419541,75,2561.215252
2444.143394,75,2562.199768
2238.914528,75,2563.506095
2365.921478,75,2564.505232
2437.844841,75,2565.511416
2381.9452,75,2566.524427
2451.781902,75,2567.547842
2432.972778,75,2568.548081
2350.356384,75,2569.560513
2458.673155,75,2570.564375
2411.745702,75,2571.597825
2441.587526,75,2572.630415
2448.347862,75,2573.646828
2448.208466,75,2574.656014
2443.105439,75,2575.666457
2445.78533,75,2576.650548
2438.173038,75,2577.638077
2439.338209,75,2578.662298
2449.228737,75,2579.653444
2446.605702,75,2580.684452
2443.823961,75,2581.73265
2437.029467,75,2582.745337
2426.730288,75,2583.753536
2425.629007,75,2584.74934
2451.459987,75,2585.797367
2445.726152,75,2586.797383
2446.039616,75,2587.804957
2429.536715,75,2588.804085
2451.556059,75,2589.814119
2459.257358,75,2590.811652
2452.642011,75,2591.801035
2433.684402,75,2592.785944
2449.37965,75,2593.792591
2418.862059,75,2594.815453
2438.259627,75,2595.856885
2451.946032,75,2596.86163
2450.396676,75,2597.88377
2461.070866,75,2598.910996
2429.292408,75,2599.904907
2425.227928,75,2600.891857
2436.385655,75,2601.895442
2452.655001,75,2602.899155
2462.218924,75,2603.930898
2437.884118,75,2604.943009
2443.445252,75,2605.956658
2323.567826,75,2606.972995
2435.476968,75,2607.984735
2421.748969,75,2608.994032
2442.83289,75,2610.02387
2440.742203,75,2611.029066
2434.811346,75,2612.087196
2446.685468,75,2613.089254
2444.10289,75,2614.104927
2421.403904,75,2615.119081
2441.223971,75,2632.325452
2436.314229,75,2633.336777
2445.403216,75,2634.34063
2439.77337,75,2635.337362
2453.275481,75,2636.341174
2422.42055,75,2637.338668
2465.076607,75,2638.34544
2464.941879,75,2639.367695
2446.850665,75,2640.389024
2421.402337,75,2641.39559
2440.319266,75,2642.407643
2460.187748,75,2643.41448
2443.960995,75,2644.422837
2436.130256,75,2645.448869
2445.706996,75,2646.451168
2444.816703,75,2647.449584
2427.246239,75,2648.44944
2429.947897,75,2649.474608
2458.38673,75,2650.504235
2445.705761,75,2651.522784
2442.363725,75,2652.562134
2453.798901,75,2653.597559
2447.62935,75,2654.612833
2437.102931,75,2655.633085
2431.420479,75,2656.674428
2405.463066,75,2657.673521
2451.328188,75,2658.676113
2449.204035,75,2659.690318
2470.720535,75,2660.716144
2423.500587,75,2661.704041
2447.027755,75,2662.707099
2437.50332,75,2663.700566
2448.012013,75,2664.699842
2444.954415,75,2665.705722
2449.709619,75,2666.726687
2441.014517,75,2667.74836
2441.77081,75,2668.772639
2430.139702,75,2669.785129
2447.22428,75,2670.808078
2453.389568,75,2671.821485
2462.824304,75,2672.88243
2390.705153,75,2673.891879
2453.821071,75,2674.910427
2402.099251,75,2675.941439
2439.004342,75,2676.957371
2375.724018,75,2677.955554
2438.77182,75,2679.013182
2413.217649,75,2680.039005
2451.349007,75,2681.036741
2470.124409,75,2682.009467
2407.84179,75,2683.01607
2439.871984,75,2684.02666
2459.151648,75,2685.033304
2459.802959,75,2686.034927
2226.808937,75,2704.119646
